Id,Position,First Name,Nickname,Last Name,FPPG,Played,Salary,Game,Team,Opponent,Injury Indicator,Injury Details,Tier,Probable Pitcher,Batting Order,Roster Position
89801-101810,P,Justin,Justin Steele,Steele,41.2,6,11400,SD@CHC,CHC,SD,,,,,,P
89801-162445,P,Spencer,Spencer Strider,Strider,49.8,6,11200,MIA@ATL,ATL,MIA,,,,,0,P
89801-79162,P,Luis,Luis Castillo,Castillo,40,5,11000,SEA@PHI,SEA,PHI,,,,,,P
89801-85476,P,Jeffrey,Jeffrey Springs,Springs,45.666666666666664,4,11000,HOU@TB,TB,HOU,IL,Elbow,,,,P
89801-52166,P,Julio,Julio Urias,Urias,34.2,5,11000,LAD@PIT,LAD,PIT,,,,,,P
89801-146664,P,Bryce,Bryce Elder,Elder,38.75,4,10900,MIA@ATL,ATL,MIA,,,,Yes,,P
89801-102407,P,Shane,Shane McClanahan,McClanahan,44,5,10800,HOU@TB,TB,HOU,,,,,,P
89801-119361,P,Drew,Drew Rasmussen,Rasmussen,34,6,10800,HOU@TB,TB,HOU,,,,,,P
89801-5202,P,Justin,Justin Verlander,Verlander,40.0625,32,10700,WSH@NYM,NYM,WSH,IL,Shoulder,,,0,P
89801-5427,P,Clayton,Clayton Kershaw,Kershaw,41,5,10400,LAD@PIT,LAD,PIT,,,,,,P
89801-182153,P,Kodai,Kodai Senga,Senga,32.5,5,10400,WSH@NYM,NYM,WSH,,,,Yes,,P
89801-135229,P,Reid,Reid Detmers,Detmers,28.5,4,10200,OAK@LAA,LAA,OAK,,,,,,P
89801-53607,P,Anthony,Anthony DeSclafani,DeSclafani,33,5,10200,STL@SF,SF,STL,,,,Yes,,P
89801-5481,P,Max,Max Scherzer,Scherzer,25.25,4,10200,WSH@NYM,NYM,WSH,NA,Suspension,,,0,P
89801-119426,P,Johan,Johan Oviedo,Oviedo,34,5,10200,LAD@PIT,PIT,LAD,,,,,,P
89801-165698,P,Taj,Taj Bradley,Bradley,38.333333333333336,3,10200,HOU@TB,TB,HOU,,,,,,P
89801-85599,P,Framber,Framber Valdez,Valdez,40.4,5,10000,HOU@TB,HOU,TB,,,,,,P
89801-102396,P,Logan,Logan Gilbert,Gilbert,34.75,4,10000,SEA@PHI,SEA,PHI,DTD,Shoulder,,Yes,,P
89801-16931,P,Yu,Yu Darvish,Darvish,33.25,4,9900,SD@CHC,SD,CHC,DTD,Hamstring,,,,P
89801-53029,P,Robbie,Robbie Ray,Ray,10,1,9900,SEA@PHI,SEA,PHI,IL,Elbow,,,,P
89801-68523,P,Joe,Joe Musgrove,Musgrove,30,1,9900,SD@CHC,SD,CHC,,,,,,P
89801-5466,P,Charlie,Charlie Morton,Morton,33.8,6,9800,MIA@ATL,ATL,MIA,,,,,0,P
89801-71034,P,Seth,Seth Lugo,Lugo,35,4,9800,SD@CHC,SD,CHC,,,,,,P
89801-79245,P,Sandy,Sandy Alcantara,Alcantara,25.75,4,9800,MIA@ATL,MIA,ATL,,,,Yes,,P
89801-39041,P,Marcus,Marcus Stroman,Stroman,36.8,5,9700,SD@CHC,CHC,SD,,,,,,P
89801-82635,P,MacKenzie,MacKenzie Gore,Gore,33.5,5,9700,WSH@NYM,WSH,NYM,,,,Yes,,P
89801-101839,P,Logan,Logan Webb,Webb,33.8,5,9600,STL@SF,SF,STL,,,,,,P
89801-146687,P,Hunter,Hunter Brown,Brown,34.5,4,9500,HOU@TB,HOU,TB,,,,Yes,,P
89801-79280,P,Jesus,Jesus Luzardo,Luzardo,33,6,9500,MIA@ATL,MIA,ATL,,,,,,P
89801-52183,P,Tyler,Tyler Glasnow,Glasnow,25.666666666666668,3,9500,HOU@TB,TB,HOU,IL,Oblique,,,,P
89801-79217,P,Mitch,Mitch Keller,Keller,34.2,5,9400,LAD@PIT,PIT,LAD,,,,,,P
89801-60647,P,Aaron,Aaron Nola,Nola,23.6,5,9300,SEA@PHI,PHI,SEA,,,,,,P
89801-16960,P,Zack,Zack Wheeler,Wheeler,32,5,9300,SEA@PHI,PHI,SEA,,,,,,P
89801-102498,P,Patrick,Patrick Sandoval,Sandoval,22.5,4,9200,OAK@LAA,LAA,OAK,,,,Yes,,P
89801-82594,P,Dustin,Dustin May,May,27,5,9200,LAD@PIT,LAD,PIT,,,,,,P
89801-102335,P,Cristian,Cristian Javier,Javier,32.2,5,9200,HOU@TB,HOU,TB,,,,,,P
89801-82607,P,Trevor,Trevor Rogers,Rogers,24.25,5,9100,MIA@ATL,MIA,ATL,IL,Biceps,,,,P
89801-135212,P,Luis,Luis Garcia,Garcia,31.6,5,9000,HOU@TB,HOU,TB,,,,,,P
89801-72265,P,Matt,Matt Strahm,Strahm,24.6,5,9000,SEA@PHI,PHI,SEA,,,,,,P
89801-68482,P,Zach,Zach Eflin,Eflin,34.333333333333336,4,9000,HOU@TB,TB,HOU,,,,,,P
89801-102343,P,Tony,Tony Gonsolin,Gonsolin,31.96,25,9000,LAD@PIT,LAD,PIT,IL,Ankle,,Yes,,P
89801-79853,P,Jordan,Jordan Montgomery,Montgomery,29.6,5,9000,STL@SF,STL,SF,,,,,,P
89801-82582,P,Griffin,Griffin Canning,Canning,25.333333333333332,3,8800,OAK@LAA,LAA,OAK,,,,,,P
89801-17087,P,Drew,Drew Smyly,Smyly,32.5,5,8800,SD@CHC,CHC,SD,,,,Yes,,P
89801-52185,P,Max,Max Fried,Fried,28.333333333333332,3,8800,MIA@ATL,ATL,MIA,,,,,0,P
89801-83157,P,Ranger,Ranger Suarez,Suarez,25.205882352941178,34,8700,SEA@PHI,PHI,SEA,IL,Forearm,,,,P
89801-52159,P,Lance,Lance McCullers Jr.,McCullers Jr.,34.09090909090909,11,8700,HOU@TB,HOU,TB,IL,Forearm,,,,P
89801-38246,P,Tyler,Tyler Anderson,Anderson,13.75,4,8600,OAK@LAA,LAA,OAK,,,,,,P
89801-13123,P,Alex,Alex Cobb,Cobb,31.8,6,8600,STL@SF,SF,STL,,,,,,P
89801-38028,P,Alex,Alex Wood,Wood,19,4,8500,STL@SF,SF,STL,IL,Hamstring,,,,P
89801-5431,P,Adam,Adam Wainwright,Wainwright,28.03125,32,8500,STL@SF,STL,SF,IL,Groin,,,,P
89801-119414,P,George,George Kirby,Kirby,29,4,8500,SEA@PHI,SEA,PHI,,,,,,P
89801-154714,P,Tylor,Tylor Megill,Megill,24.2,5,8300,WSH@NYM,NYM,WSH,,,,,0,P
89801-82535,P,Kyle,Kyle Wright,Wright,15.666666666666666,3,8200,MIA@ATL,ATL,MIA,,,,,0,P
89801-21099,P,Jose,Jose Quintana,Quintana,25.545454545454547,33,8200,WSH@NYM,NYM,WSH,IL,Ribs,,,0,P
89801-52172,P,Noah,Noah Syndergaard,Syndergaard,19.2,5,8200,LAD@PIT,LAD,PIT,,,,,,P
89801-110822,P,Jose,Jose Urquidy,Urquidy,19,5,8000,HOU@TB,HOU,TB,,,,,,P
89801-5498,P,Johnny,Johnny Cueto,Cueto,-9,2,8000,MIA@ATL,MIA,ATL,IL,Biceps,,,,P
89801-82618,P,David,David Peterson,Peterson,22,6,8000,WSH@NYM,NYM,WSH,,,,,0,P
89801-52165,P,Sean,Sean Manaea,Manaea,14.2,6,8000,STL@SF,SF,STL,,,,,,P
89801-79246,P,Jack,Jack Flaherty,Flaherty,29.2,5,7900,STL@SF,STL,SF,,,,,,P
89801-79168,P,Walker,Walker Buehler,Buehler,27.5,12,7800,LAD@PIT,LAD,PIT,IL,Elbow,,,,P
89801-16961,P,Jameson,Jameson Taillon,Taillon,23,4,7800,SD@CHC,CHC,SD,IL,Groin,,,,P
89801-163693,P,Adam,Adam Oller,Oller,4.571428571428571,7,7800,OAK@LAA,OAK,LAA,,,,,,P
89801-52190,P,Marco,Marco Gonzales,Gonzales,27,4,7800,SEA@PHI,SEA,PHI,,,,,,P
89801-101838,P,JT,JT Brubaker,Brubaker,24.928571428571427,28,7700,LAD@PIT,PIT,LAD,IL,Elbow,,,,P
89801-21097,P,Taijuan,Taijuan Walker,Walker,27,4,7700,SEA@PHI,PHI,SEA,,,,Yes,,P
89801-17121,P,Miles,Miles Mikolas,Mikolas,16.4,5,7700,STL@SF,STL,SF,,,,,,P
89801-79161,P,Braxton,Braxton Garrett,Garrett,23.25,5,7600,MIA@ATL,MIA,ATL,,,,,,P
89801-68488,P,Blake,Blake Snell,Snell,21,5,7600,SD@CHC,SD,CHC,,,,,,P
89801-6266,P,Carlos,Carlos Carrasco,Carrasco,8.666666666666666,4,7500,WSH@NYM,NYM,WSH,IL,Elbow,,,0,P
89801-164511,P,Dylan,Dylan Dodd,Dodd,14,2,7500,MIA@ATL,ATL,MIA,,,,,0,P
89801-82599,P,Edward,Edward Cabrera,Cabrera,22.4,6,7500,MIA@ATL,MIA,ATL,,,,,,P
89801-165642,P,Mason,Mason Miller,Miller,20,2,7500,OAK@LAA,OAK,LAA,,,,,,P
89801-135221,P,Cade,Cade Cavalli,Cavalli,10,1,7400,WSH@NYM,WSH,NYM,IL,Elbow,,,,P
89801-53590,P,Nick,Nick Martinez,Martinez,26.5,4,7400,SD@CHC,SD,CHC,,,,,,P
89801-119391,P,Roansy,Roansy Contreras,Contreras,27.25,4,7400,LAD@PIT,PIT,LAD,,,,Yes,,P
89801-79172,P,Luis,Luis Ortiz,Ortiz,6.75,4,7300,SEA@PHI,PHI,SEA,,,,,,P
89801-62872,P,Vince,Vince Velasquez,Velasquez,31.4,5,7300,LAD@PIT,PIT,LAD,,,,,,P
89801-135647,P,Ryan,Ryan Pepiot,Pepiot,23.88888888888889,9,7300,LAD@PIT,LAD,PIT,IL,Oblique,,,,P
89801-162419,P,Matt,Matt Brash,Brash,6.846153846153846,13,7300,SEA@PHI,SEA,PHI,,,,,,P
89801-5983,P,Rich,Rich Hill,Hill,24.4,5,7300,LAD@PIT,PIT,LAD,,,,,,P
89801-102502,P,Josiah,Josiah Gray,Gray,29,6,7200,WSH@NYM,WSH,NYM,,,,,,P
89801-53398,P,Kyle,Kyle Hendricks,Hendricks,22.25,16,7200,SD@CHC,CHC,SD,IL,Shoulder,,,,P
89801-38311,P,Ross,Ross Stripling,Stripling,10.6,6,7100,STL@SF,SF,STL,,,,,,P
89801-163685,P,JP,JP Sears,Sears,25.5,4,7100,OAK@LAA,OAK,LAA,,,,,,P
89801-165636,P,Hayden,Hayden Wesneski,Wesneski,15.5,5,7000,SD@CHC,CHC,SD,,,,,,P
89801-82630,P,Shane,Shane Baz,Baz,23.333333333333332,6,6900,HOU@TB,TB,HOU,IL,Elbow,,,,P
89801-82810,P,Elieser,Elieser Hernandez,Hernandez,12.85,20,6900,WSH@NYM,NYM,WSH,IL,Shoulder,,,0,P
89801-52174,P,Steven,Steven Matz,Matz,22.5,4,6900,STL@SF,STL,SF,,,,Yes,,P
89801-80859,P,Paul,Paul Blackburn,Blackburn,24.09090909090909,22,6900,OAK@LAA,OAK,LAA,IL,Finger,,,,P
89801-145625,P,Bailey,Bailey Falter,Falter,21.4,5,6800,SEA@PHI,PHI,SEA,,,,,,P
89801-79147,P,Jakob,Jakob Junis,Junis,12.333333333333334,7,6800,STL@SF,SF,STL,,,,,,P
89801-82539,P,Jalen,Jalen Beeks,Beeks,5.125,9,6800,HOU@TB,TB,HOU,,,,,,P
89801-10978,P,Stephen,Stephen Strasburg,Strasburg,8,1,6800,WSH@NYM,WSH,NYM,IL,Ribs,,,,P
89801-68536,P,James,James Kaprielian,Kaprielian,5.5,6,6800,OAK@LAA,OAK,LAA,,,,,,P
89801-37999,P,Michael,Michael Wacha,Wacha,20.75,4,6700,SD@CHC,SD,CHC,,,,Yes,,P
89801-68483,P,Trevor,Trevor Williams,Williams,22.25,5,6700,WSH@NYM,WSH,NYM,,,,,,P
89801-102297,P,Keegan,Keegan Thompson,Thompson,9.875,8,6700,SD@CHC,CHC,SD,,,,,,P
89801-135343,P,Max,Max Meyer,Meyer,10.5,2,6500,MIA@ATL,MIA,ATL,IL,Elbow,,,,P
89801-102574,P,Jake,Jake Woodford,Woodford,16.6,5,6500,STL@SF,STL,SF,,,,,,P
89801-118225,P,Cristopher,Cristopher Sanchez,Sanchez,19,1,6500,SEA@PHI,PHI,SEA,,,,,,P
89801-13664,P,Patrick,Patrick Corbin,Corbin,19.6,5,6400,WSH@NYM,WSH,NYM,,,,,,P
89801-178415,P,Javier,Javier Assad,Assad,7.333333333333333,4,6300,SD@CHC,CHC,SD,,,,,,P
89801-163514,P,Adrian,Adrian Martinez,Martinez,9.166666666666666,6,6200,OAK@LAA,OAK,LAA,IL,Elbow,,,,P
89801-165634,P,Ken,Ken Waldichuk,Waldichuk,13.6,5,6200,OAK@LAA,OAK,LAA,,,,,,P
89801-68484,P,Chad,Chad Kuhl,Kuhl,13,5,6200,WSH@NYM,WSH,NYM,,,,,,P
89801-102287,P,Kyle,Kyle Muller,Muller,13,5,6200,OAK@LAA,OAK,LAA,,,,,,P
89801-102395,P,Ryan,Ryan Weathers,Weathers,16.4,5,6200,SD@CHC,SD,CHC,,,,,,P
89801-104672,P,Devin,Devin Smeltzer,Smeltzer,5.25,4,6100,MIA@ATL,MIA,ATL,,,,,,P
89801-135191,P,Josh,Josh Fleming,Fleming,13,5,6000,HOU@TB,TB,HOU,,,,,,P
89801-135231,P,Jared,Jared Shuster,Shuster,8.5,3,6000,MIA@ATL,ATL,MIA,,,,,0,P
89801-182597,P,Shintaro,Shintaro Fujinami,Fujinami,3.25,4,6000,OAK@LAA,OAK,LAA,,,,,,P
89801-81490,P,Chris,Chris Flexen,Flexen,8.6,5,6000,SEA@PHI,SEA,PHI,,,,,,P
89801-102342,P,Michael,Michael Grove,Grove,11.25,4,6000,LAD@PIT,LAD,PIT,IL,Groin,,,,P
89801-101819,P,Jose,Jose Suarez,Suarez,7.25,4,5800,OAK@LAA,LAA,OAK,,,,,,P
89801-68555,P,Brent,Brent Honeywell,Honeywell,9.222222222222221,9,5800,SD@CHC,SD,CHC,,,,,,P
89801-38146,P,Sean,Sean Nolin,Nolin,-3,1,5700,MIA@ATL,MIA,ATL,,,,,,P
89801-118180,P,Tucker,Tucker Davidson,Davidson,14,6,5700,OAK@LAA,LAA,OAK,,,,,,P
89801-102505,P,Edwin,Edwin Uceta,Uceta,18,1,5600,WSH@NYM,NYM,WSH,IL,Ankle,,,0,P
89801-82546,P,Adbert,Adbert Alzolay,Alzolay,9.5,9,5600,SD@CHC,CHC,SD,,,,,,P
89801-163663,P,Calvin,Calvin Faucher,Faucher,6.333333333333333,7,5600,HOU@TB,TB,HOU,,,,Yes,,P
89801-68528,P,Chase,Chase De Jong,De Jong,4.333333333333333,3,5600,LAD@PIT,PIT,LAD,IL,Back,,,,P
89801-168950,P,Andre,Andre Pallante,Pallante,3.875,8,5600,STL@SF,STL,SF,,,,,,P
89801-102405,P,Sean,Sean Hjelle,Hjelle,7.875,8,5500,STL@SF,SF,STL,,,,,,P
89801-135192,P,Ryan,Ryan Thompson,Thompson,4.333333333333333,7,5500,HOU@TB,TB,HOU,IL,Lat,,,,P
89801-82974,P,Tanner,Tanner Rainey,Rainey,5.896551724137931,29,5500,WSH@NYM,WSH,NYM,IL,Elbow,,,,P
89801-161827,P,Seth,Seth Martinez,Martinez,6.125,8,5500,HOU@TB,HOU,TB,,,,,,P
89801-155687,P,Andrew,Andrew Wantz,Wantz,10.142857142857142,7,5500,OAK@LAA,LAA,OAK,,,,,,P
89801-102442,P,Freddy,Freddy Tarnok,Tarnok,5,1,5500,OAK@LAA,OAK,LAA,IL,Shoulder,,,,P
89801-102446,P,Tristan,Tristan Beck,Beck,19,1,5500,STL@SF,SF,STL,,,,,,P
89801-79936,P,Mark,Mark Leiter Jr.,Leiter Jr.,7.6,11,5500,SD@CHC,CHC,SD,,,,,,P
89801-169030,P,Zach,Zach Jackson,Jackson,5.916666666666667,12,5500,OAK@LAA,OAK,LAA,,,,,,P
89801-11333,P,Craig,Craig Kimbrel,Kimbrel,4.5,10,5500,SEA@PHI,PHI,SEA,,,,,,P
89801-135236,P,Max,Max Kranick,Kranick,13.5,2,5500,LAD@PIT,PIT,LAD,IL,Elbow,,,,P
89801-55374,P,Drew,Drew Rucinski,Rucinski,,,5500,OAK@LAA,OAK,LAA,IL,Hamstring,,,,P
89801-135250,P,Daniel,Daniel Castano,Castano,0,1,5500,MIA@ATL,MIA,ATL,IL,Undisclosed,,,,P
89801-135253,P,Alex,Alex Vesia,Vesia,2.7777777777777777,9,5500,LAD@PIT,LAD,PIT,,,,,,P
89801-135256,P,Connor,Connor Brogdon,Brogdon,5.7272727272727275,11,5500,SEA@PHI,PHI,SEA,,,,,,P
89801-82018,P,Victor,Victor Arano,Arano,4.674418604651163,43,5500,WSH@NYM,WSH,NYM,IL,Shoulder,,,,P
89801-116839,P,David,David Bednar,Bednar,7.636363636363637,11,5500,LAD@PIT,PIT,LAD,,,,,,P
89801-135273,P,Andre,Andre Jackson,Jackson,6.8,5,5500,LAD@PIT,LAD,PIT,,,,,,P
89801-135279,P,Codi,Codi Heuer,Heuer,,,5500,SD@CHC,CHC,SD,IL,Elbow,,,,P
89801-161906,P,Dauri,Dauri Moreta,Moreta,5.666666666666667,9,5500,LAD@PIT,PIT,LAD,,,,,,P
89801-161907,P,Dylan,Dylan Lee,Lee,6.166666666666667,12,5500,MIA@ATL,ATL,MIA,,,,,0,P
89801-38001,P,Matt,Matt Barnes,Barnes,6.111111111111111,10,5500,MIA@ATL,MIA,ATL,,,,,,P
89801-159857,P,Jose,Jose Marte,Marte,4.636363636363637,11,5500,OAK@LAA,LAA,OAK,IL,Elbow,,,,P
89801-13438,P,Drew,Drew Pomeranz,Pomeranz,,,5500,SD@CHC,SD,CHC,IL,Neck,,,,P
89801-178306,P,Bryan,Bryan Hoeing,Hoeing,5,1,5500,MIA@ATL,MIA,ATL,,,,,,P
89801-54403,P,Trevor,Trevor Gott,Gott,4.818181818181818,11,5500,SEA@PHI,SEA,PHI,,,,,,P
89801-116868,P,Gabe,Gabe Speier,Speier,5.3,10,5500,SEA@PHI,SEA,PHI,,,,,,P
89801-158858,P,Justin,Justin Bruihl,Bruihl,5.25,4,5500,LAD@PIT,LAD,PIT,,,,,,P
89801-179339,P,Bryce,Bryce Montes de Oca,Montes de Oca,5.333333333333333,3,5500,WSH@NYM,NYM,WSH,IL,Elbow,,,0,P
89801-102536,P,Nick,Nick Nelson,Nelson,6.729166666666667,48,5500,SEA@PHI,PHI,SEA,IL,Hamstring,,,,P
89801-102549,P,Andres,Andres Munoz,Munoz,4.75,4,5500,SEA@PHI,SEA,PHI,IL,Shoulder,,,,P
89801-21653,P,Hector,Hector Neris,Neris,7.777777777777778,9,5500,HOU@TB,HOU,TB,,,,,,P
89801-6295,P,Daniel,Daniel Hudson,Hudson,6.28,25,5500,LAD@PIT,LAD,PIT,IL,Knee,,,,P
89801-38041,P,Ryan,Ryan Pressly,Pressly,3.7,10,5500,HOU@TB,HOU,TB,,,,,,P
89801-81052,P,Andrew,Andrew Kittredge,Kittredge,5.823529411764706,17,5500,HOU@TB,TB,HOU,IL,Elbow,,,,P
89801-184482,P,Hobie,Hobie Harris,Harris,2.5714285714285716,8,5500,WSH@NYM,WSH,NYM,,,,,,P
89801-102560,P,Camilo,Camilo Doval,Doval,7.555555555555555,10,5500,STL@SF,SF,STL,,,,,,P
89801-80034,P,Jose,Jose Alvarado,Alvarado,8.8,10,5500,SEA@PHI,PHI,SEA,,,,,,P
89801-102568,P,Colin,Colin Poche,Poche,3.7777777777777777,10,5500,HOU@TB,TB,HOU,,,,,,P
89801-85164,P,Matt,Matt Festa,Festa,4.333333333333333,3,5500,SEA@PHI,SEA,PHI,,,,,,P
89801-62641,P,Andrew,Andrew Bellatti,Bellatti,4.4,10,5500,SEA@PHI,PHI,SEA,IL,Triceps,,,,P
89801-21682,P,Aaron,Aaron Loup,Loup,3.5,8,5500,OAK@LAA,LAA,OAK,,,,,,P
89801-135361,P,Nabil,Nabil Crismatt,Crismatt,3,6,5500,SD@CHC,SD,CHC,IL,Hip,,,,P
89801-112841,P,Jose,Jose Rodriguez,Rodriguez,3,1,5500,SEA@PHI,SEA,PHI,,,,,,P
89801-83145,P,Jose,Jose Castillo,Castillo,3,1,5500,SD@CHC,SD,CHC,IL,Shoulder,,,,P
89801-83159,P,Diego,Diego Castillo,Castillo,3.625,8,5500,SEA@PHI,SEA,PHI,,,,,,P
89801-83158,P,Seranthony,Seranthony Dominguez,Dominguez,3.5555555555555554,10,5500,SEA@PHI,PHI,SEA,,,,,,P
89801-38106,P,Kirby,Kirby Yates,Yates,5.5,9,5500,MIA@ATL,ATL,MIA,,,,,0,P
89801-79066,P,Anthony,Anthony Banda,Banda,3.375,10,5500,WSH@NYM,WSH,NYM,,,,,,P
89801-145629,P,Mason,Mason Thompson,Thompson,11.3,10,5500,WSH@NYM,WSH,NYM,,,,,,P
89801-149731,P,Anthony,Anthony Bender,Bender,4.476190476190476,22,5500,MIA@ATL,MIA,ATL,IL,Elbow,,,,P
89801-79076,P,Kolby,Kolby Allard,Allard,7.5,10,5500,MIA@ATL,ATL,MIA,IL,Oblique,,,0,P
89801-178411,P,Michael,Michael Plassmeyer,Plassmeyer,17,2,5500,SEA@PHI,PHI,SEA,,,,,,P
89801-110824,P,Trevor,Trevor Kelley,Kelley,0,1,5500,HOU@TB,TB,HOU,,,,,,P
89801-79084,P,Tanner,Tanner Scott,Scott,4.5,10,5500,MIA@ATL,MIA,ATL,,,,,,P
89801-83184,P,Julian,Julian Merryweather,Merryweather,3.2222222222222223,10,5500,SD@CHC,CHC,SD,,,,,,P
89801-170254,P,Colin,Colin Holderman,Holderman,4.75,12,5500,LAD@PIT,PIT,LAD,,,,,,P
89801-38164,P,Jimmy,Jimmy Nelson,Nelson,,,5500,LAD@PIT,LAD,PIT,IL,Elbow,,,,P
89801-79124,P,Joe,Joe Jimenez,Jimenez,5.333333333333333,10,5500,MIA@ATL,ATL,MIA,IL,Personal,,,0,P
89801-23834,P,Collin,Collin McHugh,McHugh,4,4,5500,MIA@ATL,ATL,MIA,,,,,0,P
89801-83232,P,Jason,Jason Adam,Adam,4.444444444444445,9,5500,HOU@TB,TB,HOU,,,,,,P
89801-85289,P,Nick,Nick Anderson,Anderson,6.5,11,5500,MIA@ATL,ATL,MIA,,,,,0,P
89801-85288,P,Brusdar,Brusdar Graterol,Graterol,5.3,10,5500,LAD@PIT,LAD,PIT,IL,Personal,,,,P
89801-38189,P,Michael,Michael Tonkin,Tonkin,10.333333333333334,7,5500,MIA@ATL,ATL,MIA,,,,,0,P
89801-53550,P,Alex,Alex Reyes,Reyes,,,5500,LAD@PIT,LAD,PIT,IL,Shoulder,,,,P
89801-156976,P,Darren,Darren McCaughan,McCaughan,6,1,5500,SEA@PHI,SEA,PHI,,,,,,P
89801-79155,P,Jaime,Jaime Barria,Barria,9.571428571428571,7,5500,OAK@LAA,LAA,OAK,,,,,,P
89801-152888,P,Sam,Sam Long,Long,9,1,5500,OAK@LAA,OAK,LAA,,,,,,P
89801-79171,P,Phil,Phil Bickford,Bickford,7.125,8,5500,LAD@PIT,LAD,PIT,,,,,,P
89801-174406,P,Huascar,Huascar Brazoban,Brazoban,8.222222222222221,9,5500,MIA@ATL,MIA,ATL,,,,,,P
89801-79184,P,Thomas,Thomas Szapucki,Szapucki,5.7272727272727275,11,5500,STL@SF,SF,STL,IL,Arm,,,,P
89801-38228,P,Trevor,Trevor May,May,3.4285714285714284,8,5500,OAK@LAA,OAK,LAA,IL,Personal,,,,P
89801-170324,P,Brandon,Brandon Hughes,Hughes,9.75,4,5500,SD@CHC,CHC,SD,,,,,,P
89801-177493,P,Andrew,Andrew Nardi,Nardi,5.636363636363637,11,5500,MIA@ATL,MIA,ATL,,,,,,P
89801-118106,P,Victor,Victor Gonzalez,Gonzalez,6,1,5500,LAD@PIT,LAD,PIT,,,,,,P
89801-79194,P,Domingo,Domingo Acevedo,Acevedo,0.8,5,5500,OAK@LAA,OAK,LAA,IL,Back,,,,P
89801-38240,P,Rafael,Rafael Montero,Montero,5.7,11,5500,HOU@TB,HOU,TB,,,,,,P
89801-79209,P,A.J.,A.J. Puk,Puk,7.125,9,5500,MIA@ATL,MIA,ATL,,,,,,P
89801-118123,P,Blake,Blake Taylor,Taylor,3.1578947368421053,19,5500,HOU@TB,HOU,TB,,,,,,P
89801-153961,P,Tayler,Tayler Saucedo,Saucedo,6,2,5500,SEA@PHI,SEA,PHI,,,,,,P
89801-184691,P,Jeff,Jeff Lindgren,Lindgren,3,1,5500,MIA@ATL,MIA,ATL,,,,,,P
89801-79227,P,Adrian,Adrian Morejon,Morejon,6.230769230769231,28,5500,SD@CHC,SD,CHC,IL,Elbow,,,,P
89801-79258,P,Ryne,Ryne Stanek,Stanek,5,9,5500,HOU@TB,HOU,TB,,,,,,P
89801-61858,P,Raisel,Raisel Iglesias,Iglesias,5.4,70,5500,MIA@ATL,ATL,MIA,IL,Shoulder,,,0,P
89801-101804,P,Huascar,Huascar Ynoa,Ynoa,7,2,5500,MIA@ATL,ATL,MIA,IL,Elbow,,,0,P
89801-101808,P,Denyi,Denyi Reyes,Reyes,8,5,5500,WSH@NYM,NYM,WSH,,,,,0,P
89801-158134,P,Stephen,Stephen Ridings,Ridings,,,5500,WSH@NYM,NYM,WSH,IL,Lat,,,0,P
89801-101815,P,Jimmy,Jimmy Herget,Herget,2.875,8,5500,OAK@LAA,LAA,OAK,,,,,,P
89801-101816,P,Bryan,Bryan Abreu,Abreu,7.583333333333333,12,5500,HOU@TB,HOU,TB,,,,,,P
89801-169400,P,Parker,Parker Mushinski,Mushinski,5.285714285714286,7,5500,HOU@TB,HOU,TB,IL,Back,,,,P
89801-40382,P,Luis,Luis Garcia,Garcia,2.3636363636363638,11,5500,SD@CHC,SD,CHC,,,,,,P
89801-101825,P,Jose,Jose Quijada,Quijada,3.888888888888889,9,5500,OAK@LAA,LAA,OAK,,,,,,P
89801-118221,P,J.P.,J.P. Feyereisen,Feyereisen,7.818181818181818,22,5500,LAD@PIT,LAD,PIT,IL,Shoulder,,,,P
89801-118224,P,Garrett,Garrett Cleavinger,Cleavinger,5.636363636363637,12,5500,HOU@TB,TB,HOU,,,,,,P
89801-101845,P,Genesis,Genesis Cabrera,Cabrera,7.888888888888889,9,5500,STL@SF,STL,SF,,,,,,P
89801-80346,P,Giovanny,Giovanny Gallegos,Gallegos,8,8,5500,STL@SF,STL,SF,,,,,,P
89801-84452,P,Caleb,Caleb Ferguson,Ferguson,5.2,10,5500,LAD@PIT,LAD,PIT,,,,,,P
89801-161256,P,Cooper,Cooper Criswell,Criswell,17.5,2,5500,HOU@TB,TB,HOU,,,,,,P
89801-170491,P,Chad,Chad Smith,Smith,6,6,5500,OAK@LAA,OAK,LAA,,,,,,P
89801-52733,P,Scott,Scott Alexander,Alexander,3.727272727272727,12,5500,STL@SF,SF,STL,,,,,,P
89801-184829,P,McKinley,McKinley Moore,Moore,-1.6666666666666667,3,5500,SEA@PHI,PHI,SEA,,,,,,P
89801-95757,P,Andrew,Andrew Vasquez,Vasquez,7.857142857142857,7,5500,SEA@PHI,PHI,SEA,,,,,,P
89801-95756,P,Rowan,Rowan Wick,Wick,5.285714285714286,64,5500,SD@CHC,CHC,SD,,,,,,P
89801-119310,P,Noah,Noah Song,Song,,,5500,SEA@PHI,PHI,SEA,IL,Back,,,,P
89801-119316,P,Thaddeus,Thaddeus Ward,Ward,8.6,6,5500,WSH@NYM,WSH,NYM,,,,,,P
89801-95774,P,Jeff,Jeff Brigham,Brigham,8.25,4,5500,WSH@NYM,NYM,WSH,,,,,0,P
89801-181794,P,Hogan,Hogan Harris,Harris,-17,1,5500,OAK@LAA,OAK,LAA,,,,,,P
89801-119328,P,Packy,Packy Naughton,Naughton,7.5,4,5500,STL@SF,STL,SF,IL,Forearm,,,,P
89801-5673,P,Jesse,Jesse Chavez,Chavez,4.363636363636363,12,5500,MIA@ATL,ATL,MIA,,,,,0,P
89801-71218,P,Dylan,Dylan Floro,Floro,7.444444444444445,10,5500,MIA@ATL,MIA,ATL,,,,,,P
89801-140858,P,Domingo,Domingo Tapia,Tapia,5.714285714285714,7,5500,SD@CHC,SD,CHC,,,,,,P
89801-139851,P,Justin,Justin Topa,Topa,6,9,5500,SEA@PHI,SEA,PHI,,,,,,P
89801-80460,P,John,John Brebbia,Brebbia,5.545454545454546,11,5500,STL@SF,SF,STL,,,,,,P
89801-181841,P,George,George Soriano,Soriano,8,3,5500,MIA@ATL,MIA,ATL,,,,,,P
89801-16982,P,Ryan,Ryan Tepera,Tepera,1.5,6,5500,OAK@LAA,LAA,OAK,IL,Shoulder,,,,P
89801-150107,P,Tommy,Tommy Nance,Nance,7.171428571428572,35,5500,MIA@ATL,MIA,ATL,IL,Shoulder,,,,P
89801-16989,P,Wilking,Wilking Rodriguez,Rodriguez,,,5500,STL@SF,STL,SF,IL,Shoulder,,,,P
89801-16994,P,Lucas,Lucas Luetge,Luetge,5.2,5,5500,MIA@ATL,ATL,MIA,IL,Biceps,,,0,P
89801-169574,P,Penn,Penn Murfee,Murfee,5.2727272727272725,11,5500,SEA@PHI,SEA,PHI,,,,,,P
89801-5735,P,David,David Robertson,Robertson,6.111111111111111,9,5500,WSH@NYM,NYM,WSH,,,,,0,P
89801-21096,P,Erasmo,Erasmo Ramirez,Ramirez,4.6,10,5500,WSH@NYM,WSH,NYM,,,,,,P
89801-118381,P,Kyle,Kyle Finnegan,Finnegan,1.625,8,5500,WSH@NYM,WSH,NYM,,,,,,P
89801-156272,P,Reiss,Reiss Knehr,Knehr,1.6666666666666667,3,5500,SD@CHC,SD,CHC,,,,,,P
89801-118395,P,Dany,Dany Jimenez,Jimenez,2.857142857142857,7,5500,OAK@LAA,OAK,LAA,IL,Shoulder,,,,P
89801-118394,P,Yohan,Yohan Ramirez,Ramirez,13.5,2,5500,LAD@PIT,PIT,LAD,,,,,,P
89801-119423,P,Zack,Zack Thompson,Thompson,8.333333333333334,9,5500,STL@SF,STL,SF,,,,,,P
89801-70271,P,Carlos,Carlos Estevez,Estevez,5.909090909090909,11,5500,OAK@LAA,LAA,OAK,,,,,,P
89801-5761,P,Tommy,Tommy Hunter,Hunter,3.25,5,5500,WSH@NYM,NYM,WSH,,,,,0,P
89801-82564,P,Yency,Yency Almonte,Almonte,3.3636363636363638,11,5500,LAD@PIT,LAD,PIT,,,,,,P
89801-110216,P,Stephen,Stephen Nogosek,Nogosek,12.333333333333334,4,5500,WSH@NYM,NYM,WSH,IL,Elbow,,,0,P
89801-82572,P,Gregory,Gregory Soto,Soto,6.090909090909091,12,5500,SEA@PHI,PHI,SEA,,,,,,P
89801-12943,P,Shelby,Shelby Miller,Miller,6.6,10,5500,LAD@PIT,LAD,PIT,,,,,,P
89801-12946,P,Matt,Matt Moore,Moore,6.636363636363637,11,5500,OAK@LAA,LAA,OAK,,,,,,P
89801-73362,P,Rob,Rob Zastryzny,Zastryzny,3.7142857142857144,7,5500,LAD@PIT,PIT,LAD,IL,Elbow,,,,P
89801-82583,P,Hector,Hector Perez,Perez,,,5500,HOU@TB,TB,HOU,,,,,,P
89801-52887,P,Tyler,Tyler Matzek,Matzek,5.0476190476190474,42,5500,MIA@ATL,ATL,MIA,IL,Elbow,,,0,P
89801-82587,P,Richard,Richard Lovelady,Lovelady,6.25,4,5500,OAK@LAA,OAK,LAA,,,,,,P
89801-82591,P,Chris,Chris Rodriguez,Rodriguez,,,5500,OAK@LAA,LAA,OAK,IL,Shoulder,,,,P
89801-82592,P,Dennis,Dennis Santana,Santana,5.857142857142857,8,5500,WSH@NYM,NYM,WSH,,,,,0,P
89801-17065,P,Blake,Blake Treinen,Treinen,6.5,6,5500,LAD@PIT,LAD,PIT,IL,Shoulder,,,,P
89801-163511,P,Yunior,Yunior Marte,Marte,0,3,5500,SEA@PHI,PHI,SEA,,,,,,P
89801-80571,P,Phil,Phil Maton,Maton,7.4,10,5500,HOU@TB,HOU,TB,,,,,,P
89801-80570,P,Jimmy,Jimmy Yacabonis,Yacabonis,10.666666666666666,3,5500,WSH@NYM,NYM,WSH,,,,,0,P
89801-82627,P,JoJo,JoJo Romero,Romero,5.5,2,5500,STL@SF,STL,SF,,,,,,P
89801-17100,P,Jeurys,Jeurys Familia,Familia,2.4545454545454546,11,5500,OAK@LAA,OAK,LAA,,,,,,P
89801-82636,P,Joey,Joey Lucchesi,Lucchesi,58,1,5500,WSH@NYM,NYM,WSH,,,,,0,P
89801-82639,P,Ryan,Ryan Helsley,Helsley,7.625,8,5500,STL@SF,STL,SF,,,,,,P
89801-82638,P,Jordan,Jordan Hicks,Hicks,4.1,10,5500,STL@SF,STL,SF,,,,,,P
89801-14047,P,Brad,Brad Boxberger,Boxberger,4,9,5500,SD@CHC,CHC,SD,,,,,,P
89801-82657,P,Wil,Wil Crowe,Crowe,8.2,5,5500,LAD@PIT,PIT,LAD,,,,,,P
89801-53990,P,Shawn,Shawn Armstrong,Armstrong,6.235294117647059,51,5500,HOU@TB,TB,HOU,IL,Neck,,,,P
89801-81641,P,John,John Curtiss,Curtiss,4.111111111111111,10,5500,WSH@NYM,NYM,WSH,,,,,0,P
89801-181992,P,Jose,Jose Hernandez,Hernandez,6.857142857142857,7,5500,LAD@PIT,PIT,LAD,,,,,,P
89801-81642,P,A.J.,A.J. Minter,Minter,4.636363636363637,11,5500,MIA@ATL,ATL,MIA,,,,,0,P
89801-182006,P,Nic,Nic Enright,Enright,,,5500,MIA@ATL,MIA,ATL,IL,Illness,,,,P
89801-84727,P,Drew,Drew Smith,Smith,5.909090909090909,11,5500,WSH@NYM,NYM,WSH,,,,,0,P
89801-182005,P,Kevin,Kevin Kelly,Kelly,10.571428571428571,8,5500,HOU@TB,TB,HOU,,,,,,P
89801-84731,P,Evan,Evan Phillips,Phillips,4.666666666666667,9,5500,LAD@PIT,LAD,PIT,,,,,,P
89801-52986,P,Drew,Drew VerHagen,VerHagen,5.2727272727272725,11,5500,STL@SF,STL,SF,,,,,,P
89801-157433,P,Kirby,Kirby Snead,Snead,3.4782608695652173,47,5500,OAK@LAA,OAK,LAA,IL,Shoulder,,,,P
89801-182061,P,Nick,Nick Avila,Avila,,,5500,STL@SF,SF,STL,,,,,,P
89801-163641,P,Ray,Ray Kerr,Kerr,5,2,5500,SD@CHC,SD,CHC,,,,,,P
89801-116548,P,Tyler,Tyler Rogers,Rogers,7.3,10,5500,STL@SF,SF,STL,,,,,,P
89801-163660,P,Steven,Steven Wilson,Wilson,6.076923076923077,13,5500,SD@CHC,SD,CHC,,,,,,P
89801-163682,P,Ethan,Ethan Roberts,Roberts,3.2222222222222223,9,5500,SD@CHC,CHC,SD,IL,Elbow,,,,P
89801-163692,P,Jose,Jose Butto,Butto,14.5,2,5500,WSH@NYM,NYM,WSH,,,,,0,P
89801-68466,P,Steven,Steven Okert,Okert,6,3,5500,MIA@ATL,MIA,ATL,,,,,,P
89801-15221,P,Tommy,Tommy Milone,Milone,20,1,5500,SEA@PHI,SEA,PHI,,,,,,P
89801-68475,P,JT,JT Chargois,Chargois,5,5,5500,MIA@ATL,MIA,ATL,IL,Oblique,,,,P
89801-68474,P,Josh,Josh Hader,Hader,7.090909090909091,11,5500,SD@CHC,SD,CHC,,,,,,P
89801-68477,P,Jake,Jake Reed,Reed,-13,1,5500,LAD@PIT,LAD,PIT,,,,,,P
89801-68476,P,Taylor,Taylor Rogers,Rogers,1.8888888888888888,12,5500,STL@SF,SF,STL,,,,,,P
89801-170891,P,Davis,Davis Daniel,Daniel,,,5500,OAK@LAA,LAA,OAK,IL,Shoulder,,,,P
89801-23437,P,Brooks,Brooks Raley,Raley,4.25,12,5500,WSH@NYM,NYM,WSH,,,,,0,P
89801-185233,P,Braden,Braden Bristo,Bristo,21,1,5500,HOU@TB,TB,HOU,,,,,,P
89801-82840,P,Yonny,Yonny Chirinos,Chirinos,14.333333333333334,3,5500,HOU@TB,TB,HOU,,,,,,P
89801-68507,P,Duane,Duane Underwood Jr.,Underwood Jr.,4.7272727272727275,11,5500,LAD@PIT,PIT,LAD,,,,,,P
89801-102300,P,Michael,Michael Rucker,Rucker,7,11,5500,SD@CHC,CHC,SD,,,,,,P
89801-157600,P,Austin,Austin Warren,Warren,7,2,5500,OAK@LAA,LAA,OAK,O,Elbow,,,,P
89801-68515,P,Sam,Sam Moll,Moll,3,11,5500,OAK@LAA,OAK,LAA,,,,,,P
89801-68520,P,Michael,Michael Fulmer,Fulmer,3.7,10,5500,SD@CHC,CHC,SD,,,,,,P
89801-168872,P,Ronel,Ronel Blanco,Blanco,8.142857142857142,7,5500,HOU@TB,HOU,TB,,,,,,P
89801-108461,P,Pete,Pete Fairbanks,Fairbanks,5.142857142857143,7,5500,HOU@TB,TB,HOU,,,,,,P
89801-52143,P,Hunter,Hunter Harvey,Harvey,5.222222222222222,9,5500,WSH@NYM,WSH,NYM,,,,,,P
89801-52146,P,Carl,Carl Edwards Jr.,Edwards Jr.,5.444444444444445,10,5500,WSH@NYM,WSH,NYM,,,,,,P
89801-68530,P,Jarlin,Jarlin Garcia,Garcia,5.142857142857143,58,5500,LAD@PIT,PIT,LAD,IL,Biceps,,,,P
89801-52152,P,Robert,Robert Stephenson,Stephenson,4.166666666666667,6,5500,LAD@PIT,PIT,LAD,,,,,,P
89801-179129,P,Jeremiah,Jeremiah Estrada,Estrada,13,1,5500,SD@CHC,CHC,SD,,,,,,P
89801-163782,P,Robert,Robert Suarez,Suarez,7.3,52,5500,SD@CHC,SD,CHC,IL,Elbow,,,,P
89801-68548,P,Edwin,Edwin Diaz,Diaz,8.65625,64,5500,WSH@NYM,NYM,WSH,IL,Knee,,,0,P
89801-68552,P,Sam,Sam Coonrod,Coonrod,3.4166666666666665,12,5500,WSH@NYM,NYM,WSH,IL,Lat,,,0,P
89801-52192,P,Luke,Luke Jackson,Jackson,,,5500,STL@SF,SF,STL,IL,Elbow,,,,P
89801-70624,P,Chris,Chris Stratton,Stratton,6.25,8,5500,STL@SF,STL,SF,,,,,,P
89801-12257,P,Adam,Adam Ottavino,Ottavino,5.333333333333333,11,5500,WSH@NYM,NYM,WSH,,,,,0,P
89801-169957,P,Danny,Danny Young,Young,6.5,4,5500,MIA@ATL,ATL,MIA,,,,,0,P
89801-79848,P,Paul,Paul Sewald,Sewald,6.230769230769231,13,5500,SEA@PHI,SEA,PHI,,,,,,P
89801-82924,P,Tim,Tim Hill,Hill,4,12,5500,SD@CHC,SD,CHC,,,,,,P
89801-79756,OF,Ronald,Ronald Acuna Jr.,Acuna Jr.,16.15416717529297,24,4600,MIA@ATL,ATL,MIA,,,,,1,OF/UTIL
89801-82575,OF,Yordan,Yordan Alvarez,Alvarez,15.064999389648438,20,4500,HOU@TB,HOU,TB,DTD,Neck,,,,OF/UTIL
89801-85261,OF,Randy,Randy Arozarena,Arozarena,15.15652200450068,23,4400,HOU@TB,TB,HOU,,,,,,OF/UTIL
89801-52176,3B,Max,Max Muncy,Muncy,15.486364191228693,22,4400,LAD@PIT,LAD,PIT,IL,Personal,,,,3B/UTIL
89801-85260,3B/OF,Patrick,Patrick Wisdom,Wisdom,14.457143147786459,21,4300,SD@CHC,CHC,SD,,,,,,3B/OF/UTIL
89801-12933,OF,Mike,Mike Trout,Trout,13.6772724498402,22,4200,OAK@LAA,LAA,OAK,,,,,,OF/UTIL
89801-82614,1B,Pete,Pete Alonso,Alonso,14.004166920979818,24,4200,WSH@NYM,NYM,WSH,,,,,4,C/1B/UTIL
89801-52175,1B,Matt,Matt Olson,Olson,13.816666920979818,24,4100,MIA@ATL,ATL,MIA,,,,,2,C/1B/UTIL
89801-79257,OF,Josh,Josh Lowe,Lowe,13.178947047183389,19,4000,HOU@TB,TB,HOU,,,,,,OF/UTIL
89801-79230,OF,Bryan,Bryan Reynolds,Reynolds,12.663636641068893,22,3900,LAD@PIT,PIT,LAD,NA,Personal,,,,OF/UTIL
89801-79393,OF/SS,Fernando,Fernando Tatis Jr.,Tatis Jr.,7.380000305175781,5,3900,SD@CHC,SD,CHC,,,,,,SS/OF/UTIL
89801-102400,OF,Julio,Julio Rodriguez,Rodriguez,12.147825821586277,23,3800,SEA@PHI,SEA,PHI,,,,,,OF/UTIL
89801-135190,SS/3B/2B,Taylor,Taylor Walls,Walls,13.47999979654948,15,3800,HOU@TB,TB,HOU,,,,,,2B/3B/SS/UTIL
89801-79159,OF,Cody,Cody Bellinger,Bellinger,14.242857433500744,21,3800,SD@CHC,CHC,SD,IL,Personal,,,,OF/UTIL
89801-16952,SS,Francisco,Francisco Lindor,Lindor,12.391666412353516,24,3800,WSH@NYM,NYM,WSH,,,,,3,SS/UTIL
89801-102621,SS,Wander,Wander Franco,Franco,13.460869830587637,23,3700,HOU@TB,TB,HOU,,,,,,SS/UTIL
89801-79125,OF,Kyle,Kyle Tucker,Tucker,12.854166666666666,24,3700,HOU@TB,HOU,TB,,,,,,OF/UTIL
89801-85504,2B,Brandon,Brandon Lowe,Lowe,12.544999694824218,20,3700,HOU@TB,TB,HOU,,,,,,2B/UTIL
89801-82440,OF,Shohei,Shohei Ohtani,Ohtani,11.230434251868207,23,3700,OAK@LAA,LAA,OAK,,,,,,OF/UTIL
89801-54068,OF,Hunter,Hunter Renfroe,Renfroe,12.66087009595788,23,3700,OAK@LAA,LAA,OAK,,,,,,OF/UTIL
89801-102301,2B,Nico,Nico Hoerner,Hoerner,14.954545454545455,22,3700,SD@CHC,CHC,SD,,,,,,2B/UTIL
89801-39151,OF/2B,Mookie,Mookie Betts,Betts,11.136363636363637,22,3600,LAD@PIT,LAD,PIT,,,,,,2B/OF/UTIL
89801-79120,1B/3B,Yandy,Yandy Diaz,Diaz,13.468181263316762,22,3600,HOU@TB,TB,HOU,,,,,,C/1B/3B/UTIL
89801-79154,OF,Brandon,Brandon Marsh,Marsh,12.831817626953125,22,3600,SEA@PHI,PHI,SEA,,,,,,OF/UTIL
89801-79401,C,Will,Will Smith,Smith,15.163636641068893,11,3600,LAD@PIT,LAD,PIT,IL,Concussion,,,,C/1B/UTIL
89801-82613,2B/SS,Thairo,Thairo Estrada,Estrada,12.186363913796164,22,3600,STL@SF,SF,STL,,,,,,2B/SS/UTIL
89801-82624,C,Sean,Sean Murphy,Murphy,14.35,20,3600,MIA@ATL,ATL,MIA,,,,,4,C/1B/UTIL
89801-102415,2B,Nolan,Nolan Gorman,Gorman,12.290908813476562,22,3500,STL@SF,STL,SF,,,,,,2B/UTIL
89801-135216,OF,Chas,Chas McCormick,McCormick,14.445453990589488,11,3500,HOU@TB,HOU,TB,IL,Back,,,,OF/UTIL
89801-11334,1B,Freddie,Freddie Freeman,Freeman,10.699999491373697,24,3500,LAD@PIT,LAD,PIT,,,,,,C/1B/UTIL
89801-154711,OF,Lars,Lars Nootbaar,Nootbaar,12.04000015258789,10,3500,STL@SF,STL,SF,,,,,,OF/UTIL
89801-37982,SS,Xander,Xander Bogaerts,Bogaerts,11.775999755859376,25,3500,SD@CHC,SD,CHC,,,,,,SS/UTIL
89801-65881,SS,Trea,Trea Turner,Turner,10.404166539510092,24,3500,SEA@PHI,PHI,SEA,,,,,,SS/UTIL
89801-102398,OF,Jarred,Jarred Kelenic,Kelenic,13.43809581938244,21,3500,SEA@PHI,SEA,PHI,,,,,,OF/UTIL
89801-60631,OF,Kyle,Kyle Schwarber,Schwarber,9.958333333333334,24,3400,SEA@PHI,PHI,SEA,,,,,,OF/UTIL
89801-14562,2B,Jose,Jose Altuve,Altuve,11.64740228033685,154,3400,HOU@TB,HOU,TB,IL,Thumb,,,,2B/UTIL
89801-12948,1B/OF,Bryce,Bryce Harper,Harper,12.620689655172415,116,3400,SEA@PHI,PHI,SEA,IL,Elbow,,,,C/1B/OF/UTIL
89801-12968,1B,Paul,Paul Goldschmidt,Goldschmidt,11.18695599099864,23,3400,STL@SF,STL,SF,,,,,,C/1B/UTIL
89801-17097,OF,Brandon,Brandon Nimmo,Nimmo,12.404347295346467,23,3400,WSH@NYM,NYM,WSH,,,,,1,OF/UTIL
89801-163691,OF,James,James Outman,Outman,13.645833333333334,24,3400,LAD@PIT,LAD,PIT,,,,,,OF/UTIL
89801-102370,3B/1B,Alec,Alec Bohm,Bohm,10.862500508626303,24,3400,SEA@PHI,PHI,SEA,,,,,,C/1B/3B/UTIL
89801-13326,C,Christian,Christian Bethancourt,Bethancourt,12.264285496303014,14,3300,HOU@TB,TB,HOU,,,,,,C/1B/UTIL
89801-13342,OF,Nick,Nick Castellanos,Castellanos,11.304166158040365,24,3300,SEA@PHI,PHI,SEA,,,,,,OF/UTIL
89801-79074,3B,Austin,Austin Riley,Riley,11.445833841959635,24,3300,MIA@ATL,ATL,MIA,,,,,3,3B/UTIL
89801-79092,OF,Ian,Ian Happ,Happ,12.852380661737351,21,3300,SD@CHC,CHC,SD,,,,,,OF/UTIL
89801-82612,OF,Brent,Brent Rooker,Rooker,13.047059003044577,17,3300,OAK@LAA,OAK,LAA,,,,,,OF/UTIL
89801-53993,OF,Harold,Harold Ramirez,Ramirez,12.772221883138021,18,3300,HOU@TB,TB,HOU,,,,,,OF/UTIL
89801-101842,1B,Ty,Ty France,France,11.430434517238451,23,3200,SEA@PHI,SEA,PHI,,,,,,C/1B/UTIL
89801-101910,1B/OF,Connor,Connor Joe,Joe,11.24210558439556,19,3200,LAD@PIT,PIT,LAD,,,,,,C/1B/OF/UTIL
89801-119345,SS,Jeremy,Jeremy Pena,Pena,12.058333079020182,24,3200,HOU@TB,HOU,TB,,,,,,SS/UTIL
89801-82553,OF,Jose,Jose Siri,Siri,14.428571428571429,7,3200,HOU@TB,TB,HOU,,,,,,OF/UTIL
89801-163696,OF,Jack,Jack Suwinski,Suwinski,12.258823170381433,17,3200,LAD@PIT,PIT,LAD,,,,,,OF/UTIL
89801-167012,OF,Seiya,Seiya Suzuki,Suzuki,10.3,10,3100,SD@CHC,CHC,SD,,,,,,OF/UTIL
89801-13540,OF,J.D.,J.D. Martinez,Martinez,11.265217656674592,23,3100,LAD@PIT,LAD,PIT,DTD,Back,,,,OF/UTIL
89801-5456,OF,Andrew,Andrew McCutchen,McCutchen,12.114285423642112,21,3100,LAD@PIT,PIT,LAD,,,,,,OF/UTIL
89801-68586,SS,Dansby,Dansby Swanson,Swanson,10.271428426106771,21,3100,SD@CHC,CHC,SD,,,,,,SS/UTIL
89801-13719,3B,Nolan,Nolan Arenado,Arenado,9.130434782608695,23,3000,STL@SF,STL,SF,,,,,,3B/UTIL
89801-101811,OF,Sam,Sam Hilliard,Hilliard,10.11111111111111,18,3000,MIA@ATL,ATL,MIA,,,,,9,OF/UTIL
89801-79282,OF,Juan,Juan Soto,Soto,9.907999877929688,25,3000,SD@CHC,SD,CHC,,,,,,OF/UTIL
89801-101827,2B,Luis,Luis Arraez,Arraez,10.805000305175781,20,3000,MIA@ATL,MIA,ATL,DTD,Knee,,,,2B/UTIL
89801-13864,OF,Joc,Joc Pederson,Pederson,10.86153822678786,13,3000,STL@SF,SF,STL,,,,,,OF/UTIL
89801-23107,OF,Jorge,Jorge Soler,Soler,10.418181679465555,22,3000,MIA@ATL,MIA,ATL,,,,,,OF/UTIL
89801-16981,C,Yan,Yan Gomes,Gomes,12.785714285714286,14,3000,SD@CHC,CHC,SD,,,,,,C/1B/UTIL
89801-68522,3B,Alex,Alex Bregman,Bregman,10.354166666666666,24,3000,HOU@TB,HOU,TB,,,,,,3B/UTIL
89801-68525,3B,J.D.,J.D. Davis,Davis,10.171428862072172,21,3000,STL@SF,SF,STL,,,,,,3B/UTIL
89801-68587,2B,Ozzie,Ozzie Albies,Albies,11.695833841959635,24,3000,MIA@ATL,ATL,MIA,,,,,6,2B/UTIL
89801-12310,1B,Carlos,Carlos Santana,Santana,9.899999867314877,23,2900,LAD@PIT,PIT,LAD,,,,,,C/1B/UTIL
89801-135364,OF,Jordan,Jordan Walker,Walker,8.905000305175781,20,2900,STL@SF,STL,SF,,,,,,OF/UTIL
89801-60642,OF,Michael,Michael Conforto,Conforto,9.836841784025493,19,2900,STL@SF,SF,STL,,,,,,OF/UTIL
89801-79151,OF,Taylor,Taylor Ward,Ward,9.466666539510092,24,2900,OAK@LAA,LAA,OAK,,,,,,OF/UTIL
89801-85307,2B/OF,Jeff,Jeff McNeil,McNeil,9,24,2900,WSH@NYM,NYM,WSH,,,,,6,2B/OF/UTIL
89801-79164,OF,Stone,Stone Garrett,Garrett,12.087499618530273,8,2900,WSH@NYM,WSH,NYM,,,,,,OF/UTIL
89801-73023,OF,Teoscar,Teoscar Hernandez,Hernandez,10.195652173913043,23,2900,SEA@PHI,SEA,PHI,,,,,,OF/UTIL
89801-79181,2B,Mauricio,Mauricio Dubon,Dubon,10.030000305175781,20,2900,HOU@TB,HOU,TB,,,,,,2B/UTIL
89801-21887,C,Willson,Willson Contreras,Contreras,9.313043345575748,23,2900,STL@SF,STL,SF,,,,,,C/1B/UTIL
89801-118210,1B/2B,Jake,Jake Cronenworth,Cronenworth,9.46250025431315,24,2900,SD@CHC,SD,CHC,,,,,,C/1B/2B/UTIL
89801-71182,3B,Jeimer,Jeimer Candelario,Candelario,9.077272588556463,22,2900,WSH@NYM,WSH,NYM,,,,,,3B/UTIL
89801-80462,SS,Paul,Paul DeJong,DeJong,9.233333587646484,3,2900,STL@SF,STL,SF,,,,,,SS/UTIL
89801-13929,3B,Manny,Manny Machado,Machado,6.079166412353516,24,2900,SD@CHC,SD,CHC,,,,,,3B/UTIL
89801-119405,2B,Bryson,Bryson Stott,Stott,9.778260604194973,23,2900,SEA@PHI,PHI,SEA,,,,,,2B/UTIL
89801-17139,C,J.T.,J.T. Realmuto,Realmuto,8.957143147786459,21,2900,SEA@PHI,PHI,SEA,,,,,,C/1B/UTIL
89801-53033,OF,Mike,Mike Yastrzemski,Yastrzemski,10.931818181818182,22,2900,STL@SF,SF,STL,,,,,,OF/UTIL
89801-13152,1B,Matt,Matt Carpenter,Carpenter,8.763157894736842,19,2900,SD@CHC,SD,CHC,,,,,,C/1B/UTIL
89801-108450,SS,Tommy,Tommy Edman,Edman,9.691304082455842,23,2900,STL@SF,STL,SF,,,,,,SS/UTIL
89801-157797,OF,Bryan,Bryan De La Cruz,De La Cruz,8.3227275501598,22,2800,MIA@ATL,MIA,ATL,,,,,,OF/UTIL
89801-13423,OF,Starling,Starling Marte,Marte,9.228571573893229,21,2800,WSH@NYM,NYM,WSH,,,,,2,OF/UTIL
89801-21633,3B,Eugenio,Eugenio Suarez,Suarez,9.273913176163383,23,2800,SEA@PHI,SEA,PHI,,,,,,3B/UTIL
89801-21666,OF,Mark,Mark Canha,Canha,9.290908813476562,22,2800,WSH@NYM,NYM,WSH,,,,,5,OF/UTIL
89801-83155,OF,Ramon,Ramon Laureano,Laureano,8.8,15,2800,OAK@LAA,OAK,LAA,IL,Groin,,,,OF/UTIL
89801-79175,OF,Trent,Trent Grisham,Grisham,8.762500127156576,24,2800,SD@CHC,SD,CHC,,,,,,OF/UTIL
89801-13638,1B/3B,Wilmer,Wilmer Flores,Flores,8.5,19,2800,STL@SF,SF,STL,,,,,,C/1B/3B/UTIL
89801-79216,3B,Ke'Bryan,Ke'Bryan Hayes,Hayes,9.708695784859035,23,2800,LAD@PIT,PIT,LAD,,,,,,3B/UTIL
89801-38282,1B,Daniel,Daniel Vogelbach,Vogelbach,6.944444444444445,18,2800,WSH@NYM,NYM,WSH,,,,,0,C/1B/UTIL
89801-73159,OF,Mitch,Mitch Haniger,Haniger,6.5,1,2800,STL@SF,SF,STL,,,,,,OF/UTIL
89801-101844,OF,Lane,Lane Thomas,Thomas,8,21,2800,WSH@NYM,WSH,NYM,,,,,,OF/UTIL
89801-16951,3B,Anthony,Anthony Rendon,Rendon,9.256250381469727,16,2800,OAK@LAA,LAA,OAK,,,,,,3B/UTIL
89801-82574,3B/1B,Isaac,Isaac Paredes,Paredes,8.281818043101918,22,2800,HOU@TB,TB,HOU,,,,,,C/1B/3B/UTIL
89801-13099,C,Travis,Travis d'Arnaud,d'Arnaud,8.637499809265137,8,2800,MIA@ATL,ATL,MIA,IL,Concussion,,,0,C/1B/UTIL
89801-163706,2B,Brendan,Brendan Donovan,Donovan,8.33499984741211,20,2800,STL@SF,STL,SF,,,,,,2B/UTIL
89801-102392,OF,Esteury,Esteury Ruiz,Ruiz,8.129166920979818,24,2800,OAK@LAA,OAK,LAA,,,,,,OF/UTIL
89801-173078,OF,Alex,Alex Call,Call,8.43499984741211,20,2700,WSH@NYM,WSH,NYM,,,,,,OF/UTIL
89801-38016,1B,Jesus,Jesus Aguilar,Aguilar,7.575,20,2700,OAK@LAA,OAK,LAA,,,,,,C/1B/UTIL
89801-81046,1B,Garrett,Garrett Cooper,Cooper,8.265000152587891,20,2700,MIA@ATL,MIA,ATL,,,,,,C/1B/UTIL
89801-53401,1B/OF,Trey,Trey Mancini,Mancini,8.136842426500822,19,2700,SD@CHC,CHC,SD,,,,,,C/1B/OF/UTIL
89801-102554,C,Cal,Cal Raleigh,Raleigh,9.09000015258789,20,2700,SEA@PHI,SEA,PHI,,,,,,C/1B/UTIL
89801-184479,OF,Corey,Corey Julks,Julks,9.01111094156901,18,2700,HOU@TB,HOU,TB,,,,,,OF/UTIL
89801-13487,OF,Tommy,Tommy Pham,Pham,6.5941175573012405,17,2700,WSH@NYM,NYM,WSH,,,,,7,OF/UTIL
89801-172216,3B/2B,David,David Villar,Villar,8.038095383417039,21,2700,STL@SF,SF,STL,,,,,,2B/3B/UTIL
89801-38112,1B/3B/SS,Gio,Gio Urshela,Urshela,8.45999984741211,20,2700,OAK@LAA,LAA,OAK,,,,,,C/1B/3B/SS/UTIL
89801-85268,1B,Joey,Joey Meneses,Meneses,7.699999854678199,21,2700,WSH@NYM,WSH,NYM,,,,,,C/1B/UTIL
89801-13596,OF,Trayce,Trayce Thompson,Thompson,8.681249618530273,16,2700,LAD@PIT,LAD,PIT,,,,,,OF/UTIL
89801-79247,3B,Edmundo,Edmundo Sosa,Sosa,6.947058733771829,17,2700,SEA@PHI,PHI,SEA,,,,,,3B/UTIL
89801-101787,1B,LaMonte,LaMonte Wade Jr.,Wade Jr.,7.4380950927734375,21,2700,STL@SF,SF,STL,,,,,,C/1B/UTIL
89801-136672,OF,Michael,Michael Harris II,Harris II,7.014285496303013,7,2700,MIA@ATL,ATL,MIA,IL,Back,,,0,OF/UTIL
89801-119303,C,Shea,Shea Langeliers,Langeliers,9.366666521344866,21,2700,OAK@LAA,OAK,LAA,,,,,,C/1B/UTIL
89801-82527,OF,Jazz,Jazz Chisholm Jr.,Chisholm Jr.,9.526087221891984,23,2700,MIA@ATL,MIA,ATL,,,,,,OF/UTIL
89801-119410,SS,CJ,CJ Abrams,Abrams,7.97142828078497,21,2700,WSH@NYM,WSH,NYM,,,,,,SS/UTIL
89801-5763,OF,Nelson,Nelson Cruz,Cruz,8.666666666666666,15,2700,SD@CHC,SD,CHC,,,,,,OF/UTIL
89801-82593,C,Keibert,Keibert Ruiz,Ruiz,7.9789476896587175,19,2700,WSH@NYM,WSH,NYM,,,,,,C/1B/UTIL
89801-38561,OF/3B/SS,Chris,Chris Taylor,Taylor,8.858823888442096,17,2700,LAD@PIT,LAD,PIT,,,,,,3B/SS/OF/UTIL
89801-12961,SS,Brandon,Brandon Crawford,Crawford,7.805555555555555,18,2700,STL@SF,SF,STL,,,,,,SS/UTIL
89801-165693,OF,Alec,Alec Burleson,Burleson,7.678947047183388,19,2700,STL@SF,STL,SF,,,,,,OF/UTIL
89801-101276,2B/3B/SS,Jon,Jon Berti,Berti,7.404347958772079,23,2700,MIA@ATL,MIA,ATL,,,,,,2B/3B/SS/UTIL
89801-102363,OF/1B,Luke,Luke Raley,Raley,7.472222222222222,18,2700,HOU@TB,TB,HOU,,,,,,C/1B/OF/UTIL
89801-171037,C,Jason,Jason Delay,Delay,7.233333587646484,12,2600,LAD@PIT,PIT,LAD,,,,,,C/1B/UTIL
89801-135239,2B/SS,Rodolfo,Rodolfo Castro,Castro,6.886956256368886,23,2600,LAD@PIT,PIT,LAD,,,,,,2B/SS/UTIL
89801-83164,OF,Jake,Jake Cave,Cave,6.755555470784505,18,2600,SEA@PHI,PHI,SEA,,,,,,OF/UTIL
89801-21890,SS/3B/2B,Orlando,Orlando Arcia,Arcia,10.807692307692308,13,2600,MIA@ATL,ATL,MIA,IL,Wrist,,,0,2B/3B/SS/UTIL
89801-101817,2B/SS/OF,Luis,Luis Rengifo,Rengifo,7.852380661737351,21,2600,OAK@LAA,LAA,OAK,,,,,,2B/SS/OF/UTIL
89801-119408,2B/OF,Ji Hwan,Ji Hwan Bae,Bae,9.027273004705256,22,2600,LAD@PIT,PIT,LAD,,,,,,2B/OF/UTIL
89801-21172,1B/2B,Brandon,Brandon Drury,Drury,7.831818320534446,22,2600,OAK@LAA,LAA,OAK,,,,,,C/1B/2B/UTIL
89801-116450,1B/OF,Seth,Seth Brown,Brown,7.300000190734863,8,2600,OAK@LAA,OAK,LAA,IL,Oblique,,,,C/1B/OF/UTIL
89801-146160,2B,Ha-Seong,Ha-Seong Kim,Kim,6.034782741380774,23,2600,SD@CHC,SD,CHC,,,,,,2B/UTIL
89801-11129,OF,Jason,Jason Heyward,Heyward,6.227777693006727,18,2600,LAD@PIT,LAD,PIT,,,,,,OF/UTIL
89801-13239,3B,Eduardo,Eduardo Escobar,Escobar,6.512499809265137,16,2600,WSH@NYM,NYM,WSH,,,,,8,3B/UTIL
89801-68547,OF,Tyler,Tyler O'Neill,O'Neill,7.4636362249201,22,2600,STL@SF,STL,SF,,,,,,OF/UTIL
89801-52187,1B,Ji Man,Ji Man Choi,Choi,5.511110941569011,9,2600,LAD@PIT,PIT,LAD,IL,Achilles,,,,C/1B/UTIL
89801-6273,OF,Michael,Michael Brantley,Brantley,9.009230393629808,65,2500,HOU@TB,HOU,TB,IL,Shoulder,,,,OF/UTIL
89801-146720,3B,Jordan,Jordan Diaz,Diaz,8.933333079020182,6,2500,OAK@LAA,OAK,LAA,,,,,,3B/UTIL
89801-49523,1B,Jose,Jose Abreu,Abreu,6.787499745686849,24,2500,HOU@TB,HOU,TB,,,,,,C/1B/UTIL
89801-79400,OF,Dylan,Dylan Carlson,Carlson,5.606249809265137,16,2500,STL@SF,STL,SF,,,,,,OF/UTIL
89801-16948,2B,Kolten,Kolten Wong,Wong,4.505555470784505,18,2500,SEA@PHI,SEA,PHI,,,,,,2B/UTIL
89801-119372,2B,Miguel,Miguel Vargas,Vargas,7.454545454545454,22,2500,LAD@PIT,LAD,PIT,,,,,,2B/UTIL
89801-12928,1B,Eric,Eric Hosmer,Hosmer,6.826315628854852,19,2500,SD@CHC,CHC,SD,,,,,,C/1B/UTIL
89801-12970,OF,AJ,AJ Pollock,Pollock,5.885714394705636,14,2500,SEA@PHI,SEA,PHI,,,,,,OF/UTIL
89801-17086,OF,Marcell,Marcell Ozuna,Ozuna,4.517647238338695,17,2500,MIA@ATL,ATL,MIA,,,,,8,OF/UTIL
89801-181990,C/OF,Blake,Blake Sabol,Sabol,7.717646879308364,17,2500,STL@SF,SF,STL,,,,,,C/1B/OF/UTIL
89801-82660,2B,Luis,Luis Garcia,Garcia,7.758823170381434,17,2500,WSH@NYM,WSH,NYM,,,,,,2B/UTIL
89801-68471,2B/OF,Tony,Tony Kemp,Kemp,6.947618756975446,21,2500,OAK@LAA,OAK,LAA,,,,,,2B/OF/UTIL
89801-68563,OF,Victor,Victor Robles,Robles,8.061904907226562,21,2500,WSH@NYM,WSH,NYM,,,,,,OF/UTIL
89801-52179,SS,J.P.,J.P. Crawford,Crawford,7.6347828740658965,23,2500,SEA@PHI,SEA,PHI,,,,,,SS/UTIL
89801-54401,OF,Manuel,Manuel Margot,Margot,6.066666739327567,21,2400,HOU@TB,TB,HOU,,,,,,OF/UTIL
89801-178304,2B/OF,David,David Hensley,Hensley,4.837500095367432,16,2400,HOU@TB,HOU,TB,,,,,,2B/OF/UTIL
89801-85254,C,Joey,Joey Bart,Bart,5.066666603088379,12,2400,STL@SF,SF,STL,DTD,Groin,,,,C/1B/UTIL
89801-79152,C,Matt,Matt Thaiss,Thaiss,5.8666665818956165,9,2400,OAK@LAA,LAA,OAK,,,,,,C/1B/UTIL
89801-79165,SS/2B,Gavin,Gavin Lux,Lux,7.915671277402052,134,2400,LAD@PIT,LAD,PIT,IL,Knee,,,,2B/SS/UTIL
89801-53586,OF,David,David Peralta,Peralta,3.895238240559896,21,2400,LAD@PIT,LAD,PIT,,,,,,OF/UTIL
89801-118222,2B,Mark,Mark Mathias,Mathias,7.622222052680121,9,2400,LAD@PIT,PIT,LAD,,,,,,2B/UTIL
89801-119376,3B,Brett,Brett Baty,Baty,4.885714394705636,7,2400,WSH@NYM,NYM,WSH,,,,,0,3B/UTIL
89801-164502,SS,Vaughn,Vaughn Grissom,Grissom,5.6200000762939455,10,2400,MIA@ATL,ATL,MIA,,,,,7,SS/UTIL
89801-14000,1B/OF,Darin,Darin Ruf,Ruf,5.522222306993273,9,2400,STL@SF,SF,STL,IL,Wrist,,,,C/1B/OF/UTIL
89801-21183,C,Carlos,Carlos Perez,Perez,5.985714503696987,14,2400,OAK@LAA,OAK,LAA,,,,,,C/1B/UTIL
89801-162509,1B/OF,Juan,Juan Yepez,Yepez,9.233333587646484,3,2400,STL@SF,STL,SF,,,,,,C/1B/OF/UTIL
89801-54049,2B/SS/3B,Aledmys,Aledmys Diaz,Diaz,5.0863637057217685,22,2400,OAK@LAA,OAK,LAA,,,,,,2B/3B/SS/UTIL
89801-52170,1B,Dominic,Dominic Smith,Smith,6.170000076293945,20,2400,WSH@NYM,WSH,NYM,,,,,,C/1B/UTIL
89801-135218,OF,Jake,Jake Meyers,Meyers,6.225,20,2300,HOU@TB,HOU,TB,,,,,,OF/UTIL
89801-38074,OF,Corey,Corey Dickerson,Dickerson,1.5,2,2300,WSH@NYM,WSH,NYM,IL,Calf,,,,OF/UTIL
89801-79130,OF,Jose,Jose Azocar,Azocar,4.594444274902344,18,2300,SD@CHC,SD,CHC,,,,,,OF/UTIL
89801-101821,3B,Edwin,Edwin Rios,Rios,3.7400001525878905,10,2300,SD@CHC,CHC,SD,,,,,,3B/UTIL
89801-12985,OF,Avisail,Avisail Garcia,Garcia,5.421052631578948,19,2300,MIA@ATL,MIA,ATL,,,,,,OF/UTIL
89801-181991,1B,Ryan,Ryan Noda,Noda,7.699999722567472,22,2300,OAK@LAA,OAK,LAA,,,,,,C/1B/UTIL
89801-71507,1B,Yuli,Yuli Gurriel,Gurriel,7.600000234750601,13,2300,MIA@ATL,MIA,ATL,,,,,,C/1B/UTIL
89801-161677,C,Nick,Nick Fortes,Fortes,3.4764704984777115,17,2300,MIA@ATL,MIA,ATL,,,,,,C/1B/UTIL
89801-171923,1B,Darick,Darick Hall,Hall,4.116666793823242,6,2300,SEA@PHI,PHI,SEA,IL,Thumb,,,,C/1B/UTIL
89801-13253,C,Martin,Martin Maldonado,Maldonado,4.2944446139865455,18,2300,HOU@TB,HOU,TB,,,,,,C/1B/UTIL
89801-70665,C,Jacob,Jacob Stallings,Stallings,4.383333206176758,12,2200,MIA@ATL,MIA,ATL,,,,,,C/1B/UTIL
89801-21573,3B,Jace,Jace Peterson,Peterson,6.819047473725819,21,2200,OAK@LAA,OAK,LAA,,,,,,3B/UTIL
89801-13390,SS/2B,Miguel,Miguel Rojas,Rojas,2.472727342085405,11,2200,LAD@PIT,LAD,PIT,IL,Hamstring,,,,2B/SS/UTIL
89801-21584,2B/OF,Rougned,Rougned Odor,Odor,3.3538460364708533,13,2200,SD@CHC,SD,CHC,,,,,,2B/OF/UTIL
89801-38004,C,Austin,Austin Hedges,Hedges,5.208333333333333,12,2200,LAD@PIT,PIT,LAD,,,,,,C/1B/UTIL
89801-116867,C,Tyler,Tyler Heineman,Heineman,5.066666603088379,3,2200,LAD@PIT,PIT,LAD,,,,,,C/1B/UTIL
89801-135310,C,Chadwick,Chadwick Tromp,Tromp,0,2,2200,MIA@ATL,ATL,MIA,,,,,0,C/1B/UTIL
89801-38040,OF,Eddie,Eddie Rosario,Rosario,5.885714213053386,21,2200,MIA@ATL,ATL,MIA,,,,,5,OF/UTIL
89801-109803,C,Austin,Austin Nola,Nola,3.5555555555555554,18,2200,SD@CHC,SD,CHC,,,,,,C/1B/UTIL
89801-79113,C,Francisco,Francisco Mejia,Mejia,5.784615149864783,13,2200,HOU@TB,TB,HOU,,,,,,C/1B/UTIL
89801-146722,OF,Canaan,Canaan Smith-Njigba,Smith-Njigba,4.721428462437221,14,2200,LAD@PIT,PIT,LAD,,,,,,OF/UTIL
89801-38196,1B,Jake,Jake Lamb,Lamb,4.046153728778545,13,2200,OAK@LAA,LAA,OAK,,,,,,C/1B/UTIL
89801-101753,OF/SS,Dylan,Dylan Moore,Moore,6.83831787109375,107,2200,SEA@PHI,SEA,PHI,IL,Oblique,,,,SS/OF/UTIL
89801-38299,OF,Kevin,Kevin Pillar,Pillar,5.114285605294364,14,2200,MIA@ATL,ATL,MIA,,,,,0,OF/UTIL
89801-13771,3B/OF,Josh,Josh Harrison,Harrison,4.893750190734863,16,2200,SEA@PHI,PHI,SEA,,,,,,3B/OF/UTIL
89801-71217,C,Omar,Omar Narvaez,Narvaez,5.6400001525878904,5,2200,WSH@NYM,NYM,WSH,IL,Calf,,,0,C/1B/UTIL
89801-119352,2B,Michael,Michael Busch,Busch,12.699999809265137,1,2200,LAD@PIT,LAD,PIT,,,,,,2B/UTIL
89801-165559,C,Yainer,Yainer Diaz,Diaz,5.555555555555555,9,2200,HOU@TB,HOU,TB,,,,,,C/1B/UTIL
89801-82644,OF,Jesus,Jesus Sanchez,Sanchez,3.5529412662281707,17,2200,MIA@ATL,MIA,ATL,,,,,,OF/UTIL
89801-163704,OF,Cooper,Cooper Hummel,Hummel,3.0399999618530273,10,2200,SEA@PHI,SEA,PHI,,,,,,OF/UTIL
89801-13188,3B,Jean,Jean Segura,Segura,4.223809378487723,21,2200,MIA@ATL,MIA,ATL,,,,,,3B/UTIL
89801-81869,C,Chad,Chad Wallach,Wallach,15.800000508626303,3,2200,OAK@LAA,LAA,OAK,,,,,,C/1B/UTIL
89801-185300,SS,Zach,Zach Neto,Neto,6.172727411443537,11,2200,OAK@LAA,LAA,OAK,,,,,,SS/UTIL
89801-102365,C,Francisco,Francisco Alvarez,Alvarez,4.155555725097656,9,2200,WSH@NYM,NYM,WSH,,,,,0,C/1B/UTIL
89801-102424,SS,Kevin,Kevin Smith,Smith,5.020000203450521,15,2100,OAK@LAA,OAK,LAA,,,,,,SS/UTIL
89801-82021,C,Tomas,Tomas Nido,Nido,2.4866666158040363,15,2100,WSH@NYM,NYM,WSH,,,,,9,C/1B/UTIL
89801-116841,2B/OF,Sam,Sam Haggerty,Haggerty,4.150000095367432,8,2100,SEA@PHI,SEA,PHI,,,,,,2B/OF/UTIL
89801-73832,SS,Joey,Joey Wendle,Wendle,0.75,4,2100,MIA@ATL,MIA,ATL,IL,Ribs,,,,SS/UTIL
89801-135284,C,Riley,Riley Adams,Adams,3.049999952316284,4,2100,WSH@NYM,WSH,NYM,,,,,,C/1B/UTIL
89801-79087,2B,Michael,Michael Chavis,Chavis,3.0875000953674316,8,2100,WSH@NYM,WSH,NYM,,,,,,2B/UTIL
89801-79156,SS,David,David Fletcher,Fletcher,1.1875,8,2100,OAK@LAA,LAA,OAK,,,,,,SS/UTIL
89801-38297,C,Austin,Austin Barnes,Barnes,2.8416665395100913,12,2100,LAD@PIT,LAD,PIT,,,,,,C/1B/UTIL
89801-175654,OF,Bryce,Bryce Johnson,Johnson,2.7899999618530273,10,2100,STL@SF,SF,STL,IL,Concussion,,,,OF/UTIL
89801-82558,OF,Conner,Conner Capel,Capel,5.2428570701962425,21,2100,OAK@LAA,OAK,LAA,,,,,,OF/UTIL
89801-21165,C,Roberto,Roberto Perez,Perez,3.1,5,2100,STL@SF,SF,STL,IL,Shoulder,,,,C/1B/UTIL
89801-82642,OF,Heliot,Heliot Ramos,Ramos,3.4111111958821616,9,2100,STL@SF,SF,STL,,,,,,OF/UTIL
89801-17198,2B/3B,Tommy,Tommy La Stella,La Stella,3.4888888465033636,9,2100,SEA@PHI,SEA,PHI,,,,,,2B/3B/UTIL
89801-70518,2B/3B,Taylor,Taylor Motter,Motter,3.9285714285714284,7,2100,STL@SF,STL,SF,,,,,,2B/3B/UTIL
89801-102285,OF,Cristian,Cristian Pache,Pache,3.2882353838752296,17,2100,SEA@PHI,PHI,SEA,,,,,,OF/UTIL
89801-68533,OF,Brett,Brett Phillips,Phillips,2.308333396911621,12,2100,OAK@LAA,LAA,OAK,,,,,,OF/UTIL
89801-52153,OF,David,David Dahl,Dahl,4.675000190734863,4,2100,SD@CHC,SD,CHC,IL,Quadriceps,,,,OF/UTIL
89801-80852,2B/SS/3B,Ildemaro,Ildemaro Vargas,Vargas,1.5499999523162842,8,2100,WSH@NYM,WSH,NYM,IL,Shoulder,,,,2B/3B/SS/UTIL
89801-102380,SS,Nick,Nick Allen,Allen,1.5499999523162842,8,2100,OAK@LAA,OAK,LAA,,,,,,SS/UTIL
89801-180208,2B,Miles,Miles Mastrobuoni,Mastrobuoni,3.4625000953674316,8,2100,SD@CHC,CHC,SD,,,,,,2B/UTIL
89801-13304,C,Tucker,Tucker Barnhart,Barnhart,2.51818188753995,11,2100,SD@CHC,CHC,SD,,,,,,C/1B/UTIL
89801-102406,2B,Vidal,Vidal Brujan,Brujan,4.045454545454546,11,2000,HOU@TB,TB,HOU,,,,,,2B/UTIL
89801-102411,C,Andrew,Andrew Knizner,Knizner,2.6285713740757535,7,2000,STL@SF,STL,SF,,,,,,C/1B/UTIL
89801-102418,OF,Eli,Eli White,White,2.5333333015441895,6,2000,MIA@ATL,ATL,MIA,IL,Personal,,,0,OF/UTIL
89801-79896,C,Luis,Luis Torrens,Torrens,2.692857197352818,14,2000,SD@CHC,CHC,SD,,,,,,C/1B/UTIL
89801-102427,3B,Jordan,Jordan Groshans,Groshans,6.164706061868107,17,2000,MIA@ATL,MIA,ATL,,,,,,3B/UTIL
89801-104483,1B,Jared,Jared Walsh,Walsh,7.323728917008739,118,2000,OAK@LAA,LAA,OAK,IL,Head,,,,C/1B/UTIL
89801-102452,OF,Nelson,Nelson Velazquez,Velazquez,18.933333079020183,3,2000,SD@CHC,CHC,SD,,,,,,OF/UTIL
89801-135260,C,Logan,Logan O'Hoppe,O'Hoppe,10.21875,16,2000,OAK@LAA,LAA,OAK,IL,Shoulder,,,,C/1B/UTIL
89801-13436,C,Max,Max Stassi,Stassi,6.180392396216299,102,2000,OAK@LAA,LAA,OAK,IL,Hip,,,,C/1B/UTIL
89801-135293,3B,Drew,Drew Maggi,Maggi,,,2000,LAD@PIT,PIT,LAD,,,,,,3B/UTIL
89801-135305,2B,Tucupita,Tucupita Marcano,Marcano,5.490000152587891,10,2000,LAD@PIT,PIT,LAD,,,,,,2B/UTIL
89801-102550,C,Luis,Luis Campusano,Campusano,6.228571210588727,7,2000,SD@CHC,SD,CHC,IL,Thumb,,,,C/1B/UTIL
89801-179362,OF,Dalton,Dalton Guthrie,Guthrie,5.606666564941406,15,2000,SEA@PHI,PHI,SEA,,,,,,OF/UTIL
89801-184480,C,Cesar,Cesar Salazar,Salazar,1.7428571156093053,7,2000,HOU@TB,HOU,TB,,,,,,C/1B/UTIL
89801-13535,SS/3B,Ehire,Ehire Adrianza,Adrianza,0.75,4,2000,MIA@ATL,ATL,MIA,,,,,0,3B/SS/UTIL
89801-83191,C,Austin,Austin Wynns,Wynns,3.2,5,2000,LAD@PIT,LAD,PIT,,,,,,C/1B/UTIL
89801-85273,3B,Rylan,Rylan Bannon,Bannon,1.8,5,2000,HOU@TB,HOU,TB,,,,,,3B/UTIL
89801-79128,C,Garrett,Garrett Stubbs,Stubbs,3.6799999237060548,5,2000,SEA@PHI,PHI,SEA,,,,,,C/1B/UTIL
89801-82251,OF,Tim,Tim Locastro,Locastro,3.5499998728434243,12,2000,WSH@NYM,NYM,WSH,IL,Back,,,0,OF/UTIL
89801-79215,1B,Rhys,Rhys Hoskins,Hoskins,10.234104046242775,173,2000,SEA@PHI,PHI,SEA,IL,Knee,,,,C/1B/UTIL
89801-152972,2B/3B/SS,Luke,Luke Williams,Williams,2.25,4,2000,LAD@PIT,LAD,PIT,,,,,,2B/3B/SS/UTIL
89801-84401,1B,Brandon,Brandon Dixon,Dixon,1.8399999618530274,5,2000,SD@CHC,SD,CHC,,,,,,C/1B/UTIL
89801-101820,OF,Matt,Matt Beaty,Beaty,2.424999952316284,4,2000,STL@SF,SF,STL,,,,,,OF/UTIL
89801-119318,OF/3B,Christopher,Christopher Morel,Morel,8.986725663716815,113,2000,SD@CHC,CHC,SD,,,,,,3B/OF/UTIL
89801-158244,3B,Yonny,Yonny Hernandez,Hernandez,0,1,2000,LAD@PIT,LAD,PIT,,,,,,3B/UTIL
89801-181820,OF,Brett,Brett Wisely,Wisely,0.9285714285714286,7,2000,STL@SF,SF,STL,,,,,,OF/UTIL
89801-80457,OF,Adam,Adam Engel,Engel,4.259663814256172,119,2000,SD@CHC,SD,CHC,IL,Hamstring,,,,OF/UTIL
89801-80485,OF,Austin,Austin Slater,Slater,6,1,2000,STL@SF,SF,STL,,,,,,OF/UTIL
89801-119401,C,Rafael,Rafael Marchan,Marchan,,,2000,SEA@PHI,PHI,SEA,IL,Wrist,,,,C/1B/UTIL
89801-12919,2B/SS,Jose,Jose Iglesias,Iglesias,7.678813352423199,118,2000,SD@CHC,SD,CHC,,,,,,2B/SS/UTIL
89801-82556,OF,Taylor,Taylor Trammell,Trammell,5.586956521739131,46,2000,SEA@PHI,SEA,PHI,IL,Hand,,,,OF/UTIL
89801-82563,2B/SS/OF,Garrett,Garrett Hampson,Hampson,6.923076923076923,13,2000,MIA@ATL,MIA,ATL,,,,,,2B/SS/OF/UTIL
89801-119445,C,Israel,Israel Pineda,Pineda,2.299999952316284,4,2000,WSH@NYM,WSH,NYM,IL,Finger,,,,C/1B/UTIL
89801-82616,2B/3B/SS,Luis,Luis Guillorme,Guillorme,4.6333334181043835,18,2000,WSH@NYM,NYM,WSH,,,,,0,2B/3B/SS/UTIL
89801-82620,OF,Nick,Nick Solak,Solak,5.537142944335938,35,2000,MIA@ATL,ATL,MIA,,,,,0,OF/UTIL
89801-82637,1B,Evan,Evan White,White,,,2000,SEA@PHI,SEA,PHI,IL,Thigh,,,,C/1B/UTIL
89801-82659,3B,Carter,Carter Kieboom,Kieboom,,,2000,WSH@NYM,WSH,NYM,IL,Shoulder,,,,3B/UTIL
89801-163662,2B,Jonathan,Jonathan Aranda,Aranda,4.84375,32,2000,HOU@TB,TB,HOU,,,,,,2B/UTIL
89801-163661,SS,Eguy,Eguy Rosario,Rosario,0.8571428571428571,7,2000,SD@CHC,SD,CHC,IL,Ankle,,,,SS/UTIL
89801-13209,C,Manny,Manny Pina,Pina,4.44000015258789,5,2000,OAK@LAA,OAK,LAA,IL,Wrist,,,,C/1B/UTIL
89801-102320,OF,Luis,Luis Gonzalez,Gonzalez,7.379591961296237,98,2000,STL@SF,SF,STL,IL,Back,,,,OF/UTIL
89801-102322,2B/3B,Nick,Nick Madrigal,Madrigal,5.647058823529412,17,2000,SD@CHC,CHC,SD,,,,,,2B/3B/UTIL
89801-102326,1B,Kody,Kody Clemens,Clemens,3.487499952316284,8,2000,SEA@PHI,PHI,SEA,,,,,,C/1B/UTIL
89801-68537,OF/2B/SS,Tyler,Tyler Wade,Wade,4.022222306993273,9,2000,OAK@LAA,OAK,LAA,,,,,,2B/SS/OF/UTIL
89801-52157,C,Tom,Tom Murphy,Murphy,1.125,8,2000,SEA@PHI,SEA,PHI,,,,,,C/1B/UTIL
89801-163772,C,Brett,Brett Sullivan,Sullivan,0,2,2000,SD@CHC,SD,CHC,,,,,,C/1B/UTIL
89801-102340,SS,Jeter,Jeter Downs,Downs,4.271428516932896,14,2000,WSH@NYM,WSH,NYM,,,,,,SS/UTIL
89801-68554,SS,Andrew,Andrew Velazquez,Velazquez,5.3312001953125,125,2000,OAK@LAA,LAA,OAK,,,,,,SS/UTIL
89801-185303,3B,Jose,Jose Caballero,Caballero,7.380000305175781,5,2000,SEA@PHI,SEA,PHI,,,,,,3B/UTIL
89801-102389,SS,Oneil,Oneil Cruz,Cruz,12.377777947319878,9,2000,LAD@PIT,PIT,LAD,IL,Lower leg,,,,SS/UTIL