Id,Position,First Name,Nickname,Last Name,FPPG,Played,Salary,Game,Team,Opponent,Injury Indicator,Injury Details,Tier,Probable Pitcher,Batting Order,Roster Position
74711-82604,P,Corbin,Corbin Burnes,Burnes,33.5,2,11200,STL@MIL,MIL,STL,,,,,,P
74711-5427,P,Clayton,Clayton Kershaw,Kershaw,70,1,11000,CIN@LAD,LAD,CIN,,,,,,P
74711-5481,P,Max,Max Scherzer,Scherzer,38,2,11000,ARI@NYM,NYM,ARI,,,,,,P
74711-52859,P,Jacob,Jacob deGrom,deGrom,50.375,16,10900,ARI@NYM,NYM,ARI,IL,Shoulder,,,,P
74711-37014,P,Hyun Jin,Hyun Jin Ryu,Ryu,2,2,10800,OAK@TOR,TOR,OAK,DTD,Forearm,,,,P
74711-5202,P,Justin,Justin Verlander,Verlander,45.5,2,10500,HOU@SEA,HOU,SEA,,,,,,P
74711-38000,P,Kevin,Kevin Gausman,Gausman,29.5,2,10500,OAK@TOR,TOR,OAK,,,,,,P
74711-53029,P,Robbie,Robbie Ray,Ray,28,2,10500,HOU@SEA,SEA,HOU,,,,,,P
74711-82554,P,Shane,Shane Bieber,Bieber,24,2,10400,SF@CLE,CLE,SF,,,,,,P
74711-53067,P,Chris,Chris Bassitt,Bassitt,47.5,2,10400,ARI@NYM,NYM,ARI,,,,,,P
74711-6266,P,Carlos,Carlos Carrasco,Carrasco,34,2,10300,ARI@NYM,NYM,ARI,,,,,,P
74711-60647,P,Aaron,Aaron Nola,Nola,24.5,2,10300,PHI@MIA,PHI,MIA,,,,,,P
74711-16960,P,Zack,Zack Wheeler,Wheeler,20,1,10200,PHI@MIA,PHI,MIA,,,,Yes,,P
74711-60633,P,Carlos,Carlos Rodon,Rodon,51.5,2,10100,SF@CLE,SF,CLE,,,,,,P
74711-119441,P,Alek,Alek Manoah,Manoah,49,1,10000,OAK@TOR,TOR,OAK,,,,Yes,,P
74711-80582,P,Brandon,Brandon Woodruff,Woodruff,11.5,2,10000,STL@MIL,MIL,STL,,,,,,P
74711-68523,P,Joe,Joe Musgrove,Musgrove,44,2,10000,ATL@SD,SD,ATL,,,,,,P
74711-53607,P,Anthony,Anthony DeSclafani,DeSclafani,20,2,9900,SF@CLE,SF,CLE,,,,,,P
74711-83190,P,Freddy,Freddy Peralta,Peralta,12,2,9900,STL@MIL,MIL,STL,,,,,,P
74711-52166,P,Julio,Julio Urias,Urias,13.5,2,9800,CIN@LAD,LAD,CIN,,,,,,P
74711-38028,P,Alex,Alex Wood,Wood,25,1,9800,SF@CLE,SF,CLE,,,,Yes,,P
74711-79091,P,Dylan,Dylan Cease,Cease,43,2,9700,TB@CWS,CWS,TB,,,,,,P
74711-79390,P,Michael,Michael Kopech,Kopech,24,2,9700,TB@CWS,CWS,TB,,,,,,P
74711-83152,P,Pablo,Pablo Lopez,Lopez,29,2,9500,PHI@MIA,MIA,PHI,,,,,,P
74711-79168,P,Walker,Walker Buehler,Buehler,26.5,2,9500,CIN@LAD,LAD,CIN,,,,,,P
74711-101839,P,Logan,Logan Webb,Webb,40,2,9500,SF@CLE,SF,CLE,,,,,,P
74711-16931,P,Yu,Yu Darvish,Darvish,7.5,2,9400,ATL@SD,SD,ATL,,,,Yes,,P
74711-79072,P,Brad,Brad Keller,Keller,35.5,2,9400,DET@KC,KC,DET,,,,,,P
74711-60639,P,Jose,Jose Berrios,Berrios,5,2,9300,OAK@TOR,TOR,OAK,,,,,,P
74711-79078,P,Ian,Ian Anderson,Anderson,18.5,2,9300,ATL@SD,ATL,SD,,,,,,P
74711-63781,P,Frankie,Frankie Montas,Montas,31,2,9200,OAK@TOR,OAK,TOR,,,,,,P
74711-119361,P,Drew,Drew Rasmussen,Rasmussen,13.5,2,9200,TB@CWS,TB,CWS,,,,,,P
74711-79109,P,Tyler,Tyler Mahle,Mahle,31.5,2,9100,CIN@LAD,CIN,LAD,,,,Yes,,P
74711-79162,P,Luis,Luis Castillo,Castillo,30.606060606060606,33,9100,CIN@LAD,CIN,LAD,IL,Shoulder,,,,P
74711-12477,P,Chris,Chris Sale,Sale,25.75,12,9000,MIN@BOS,BOS,MIN,IL,Ribs,,,,P
74711-52174,P,Steven,Steven Matz,Matz,22,2,9000,STL@MIL,STL,MIL,,,,,,P
74711-5466,P,Charlie,Charlie Morton,Morton,23,2,9000,ATL@SD,ATL,SD,,,,,,P
74711-17064,P,Sonny,Sonny Gray,Gray,11,2,8900,MIN@BOS,MIN,BOS,DTD,Hamstring,,,,P
74711-68488,P,Blake,Blake Snell,Snell,0,1,8800,ATL@SD,SD,ATL,IL,Groin,,,,P
74711-52165,P,Sean,Sean Manaea,Manaea,43,2,8800,ATL@SD,SD,ATL,,,,,,P
74711-66766,P,Adrian,Adrian Houser,Houser,20,2,8800,STL@MIL,MIL,STL,,,,,,P
74711-79254,P,Dakota,Dakota Hudson,Hudson,15,1,8800,STL@MIL,STL,MIL,,,,Yes,,P
74711-102407,P,Shane,Shane McClanahan,McClanahan,31.5,2,8700,TB@CWS,TB,CWS,,,,,,P
74711-68482,P,Zach,Zach Eflin,Eflin,16.5,2,8700,PHI@MIA,PHI,MIA,,,,,,P
74711-16961,P,Jameson,Jameson Taillon,Taillon,20.5,2,8600,NYY@BAL,NYY,BAL,,,,,,P
74711-79246,P,Jack,Jack Flaherty,Flaherty,29.176470588235293,17,8600,STL@MIL,STL,MIL,IL,Shoulder,,,,P
74711-101804,P,Huascar,Huascar Ynoa,Ynoa,6,1,8600,ATL@SD,ATL,SD,,,,,,P
74711-110822,P,Jose,Jose Urquidy,Urquidy,24,1,8500,HOU@SEA,HOU,SEA,,,,Yes,,P
74711-70559,P,Mike,Mike Clevinger,Clevinger,,,8500,ATL@SD,SD,ATL,IL,Knee,,,,P
74711-85251,P,Zac,Zac Gallen,Gallen,18,1,8500,ARI@NYM,ARI,NYM,,,,,,P
74711-82775,P,Nestor,Nestor Cortes,Cortes,28,1,8400,NYY@BAL,NYY,BAL,,,,Yes,,P
74711-79853,P,Jordan,Jordan Montgomery,Montgomery,17,2,8400,NYY@BAL,NYY,BAL,,,,,,P
74711-79951,P,Nick,Nick Pivetta,Pivetta,8.5,2,8300,MIN@BOS,BOS,MIN,,,,,,P
74711-162419,P,Matt,Matt Brash,Brash,28,1,8300,HOU@SEA,SEA,HOU,,,,Yes,,P
74711-12936,P,Kyle,Kyle Gibson,Gibson,40.5,2,8300,PHI@MIA,PHI,MIA,,,,,,P
74711-82630,P,Shane,Shane Baz,Baz,25.25,4,8300,TB@CWS,TB,CWS,IL,Elbow,,,,P
74711-73880,P,German,German Marquez,Marquez,23.5,2,8200,CHC@COL,COL,CHC,,,,,,P
74711-52167,P,Andrew,Andrew Heaney,Heaney,28,1,8200,CIN@LAD,LAD,CIN,,,,Yes,,P
74711-52172,P,Noah,Noah Syndergaard,Syndergaard,29.5,2,8200,LAA@TEX,LAA,TEX,,,,,,P
74711-82557,P,Aaron,Aaron Civale,Civale,13,1,8100,SF@CLE,CLE,SF,,,,Yes,,P
74711-83157,P,Ranger,Ranger Suarez,Suarez,14.5,2,8100,PHI@MIA,PHI,MIA,,,,,,P
74711-53398,P,Kyle,Kyle Hendricks,Hendricks,19.5,2,8000,CHC@COL,CHC,COL,,,,,,P
74711-82535,P,Kyle,Kyle Wright,Wright,41,2,8000,ATL@SD,ATL,SD,,,,,,P
74711-21098,P,James,James Paxton,Paxton,7,1,8000,MIN@BOS,BOS,MIN,IL,Elbow,,,,P
74711-82631,P,Taylor,Taylor Hearn,Hearn,20.5,2,8000,LAA@TEX,TEX,LAA,,,,,,P
74711-52159,P,Lance,Lance McCullers Jr.,McCullers Jr.,33.59375,32,8000,HOU@SEA,HOU,SEA,IL,Forearm,,,,P
74711-68564,P,Erick,Erick Fedde,Fedde,28.5,2,8000,WSH@PIT,WSH,PIT,,,,,,P
74711-52185,P,Max,Max Fried,Fried,19.5,2,8000,ATL@SD,ATL,SD,,,,,,P
74711-37999,P,Michael,Michael Wacha,Wacha,22,1,8000,MIN@BOS,BOS,MIN,,,,Yes,,P
74711-81051,P,Caleb,Caleb Smith,Smith,-1.5,2,8000,ARI@NYM,ARI,NYM,,,,,,P
74711-5431,P,Adam,Adam Wainwright,Wainwright,34,2,8000,STL@MIL,STL,MIL,,,,,,P
74711-119340,P,Tarik,Tarik Skubal,Skubal,23.5,2,7900,DET@KC,DET,KC,,,,,,P
74711-79118,P,Triston,Triston McKenzie,McKenzie,18,2,7900,SF@CLE,CLE,SF,,,,,,P
74711-13627,P,Corey,Corey Kluber,Kluber,25,2,7900,TB@CWS,TB,CWS,,,,,,P
74711-102396,P,Logan,Logan Gilbert,Gilbert,33,2,7900,HOU@SEA,SEA,HOU,,,,,,P
74711-65988,P,Zach,Zach Davies,Davies,11,2,7800,ARI@NYM,ARI,NYM,,,,,,P
74711-82810,P,Elieser,Elieser Hernandez,Hernandez,20,1,7800,PHI@MIA,MIA,PHI,,,,Yes,,P
74711-13233,P,Nathan,Nathan Eovaldi,Eovaldi,30,2,7800,MIN@BOS,BOS,MIN,,,,,,P
74711-5522,P,Zack,Zack Greinke,Greinke,13.5,2,7800,DET@KC,KC,DET,,,,,,P
74711-104584,P,Zach,Zach Plesac,Plesac,24,2,7700,SF@CLE,CLE,SF,,,,,,P
74711-21099,P,Jose,Jose Quintana,Quintana,22,1,7700,WSH@PIT,PIT,WSH,,,,Yes,,P
74711-10978,P,Stephen,Stephen Strasburg,Strasburg,21,5,7700,WSH@PIT,WSH,PIT,IL,Neck,,,,P
74711-79133,P,Matt,Matt Manning,Manning,17,2,7700,DET@KC,DET,KC,DTD,Shoulder,,,,P
74711-6311,P,Madison,Madison Bumgarner,Bumgarner,15,2,7600,ARI@NYM,ARI,NYM,,,,,,P
74711-119430,P,Joe,Joe Ryan,Ryan,32,2,7600,MIN@BOS,MIN,BOS,,,,,,P
74711-119447,P,Joan,Joan Adon,Adon,10.5,2,7600,WSH@PIT,WSH,PIT,,,,,,P
74711-17121,P,Miles,Miles Mikolas,Mikolas,28,2,7600,STL@MIL,STL,MIL,,,,,,P
74711-13123,P,Alex,Alex Cobb,Cobb,45,1,7600,SF@CLE,SF,CLE,,,,,,P
74711-52155,P,Jon,Jon Gray,Gray,15,1,7600,LAA@TEX,TEX,LAA,IL,Finger,,,,P
74711-102001,P,Yusei,Yusei Kikuchi,Kikuchi,10,1,7600,OAK@TOR,TOR,OAK,,,,,,P
74711-39041,P,Marcus,Marcus Stroman,Stroman,15,2,7500,CHC@COL,CHC,COL,,,,,,P
74711-53590,P,Nick,Nick Martinez,Martinez,21,2,7500,ATL@SD,SD,ATL,,,,,,P
74711-82618,P,David,David Peterson,Peterson,21,1,7500,ARI@NYM,NYM,ARI,,,,Yes,,P
74711-102502,P,Josiah,Josiah Gray,Gray,25.5,2,7400,WSH@PIT,WSH,PIT,,,,,,P
74711-145612,P,Bailey,Bailey Ober,Ober,21,1,7400,MIN@BOS,MIN,BOS,,,,Yes,,P
74711-68517,P,Antonio,Antonio Senzatela,Senzatela,15.5,2,7400,CHC@COL,COL,CHC,,,,,,P
74711-163664,P,Tommy,Tommy Romero,Romero,-1,1,7400,TB@CWS,TB,CWS,,,,,,P
74711-21097,P,Taijuan,Taijuan Walker,Walker,18,1,7300,ARI@NYM,NYM,ARI,IL,Shoulder,,,,P
74711-17116,P,Jake,Jake Odorizzi,Odorizzi,8,2,7300,HOU@SEA,HOU,SEA,,,,,,P
74711-68536,P,James,James Kaprielian,Kaprielian,26.875,24,7300,OAK@TOR,OAK,TOR,IL,Shoulder,,,,P
74711-79103,P,Dane,Dane Dunning,Dunning,22,2,7300,LAA@TEX,TEX,LAA,,,,,,P
74711-141024,P,Bruce,Bruce Zimmermann,Zimmermann,24,1,7300,NYY@BAL,BAL,NYY,,,,Yes,,P
74711-6151,P,Anibal,Anibal Sanchez,Sanchez,,,7200,WSH@PIT,WSH,PIT,IL,Neck,,,,P
74711-102515,P,Aaron,Aaron Ashby,Ashby,13.5,2,7200,STL@MIL,MIL,STL,,,,Yes,,P
74711-82540,P,Tanner,Tanner Houck,Houck,22.5,2,7200,MIN@BOS,BOS,MIN,,,,,,P
74711-12921,P,Chris,Chris Archer,Archer,21,1,7200,MIN@BOS,MIN,BOS,,,,,,P
74711-52190,P,Marco,Marco Gonzales,Gonzales,24.5,2,7200,HOU@SEA,SEA,HOU,,,,,,P
74711-83098,P,Austin,Austin Gomber,Gomber,17,1,7200,CHC@COL,COL,CHC,,,,Yes,,P
74711-82607,P,Trevor,Trevor Rogers,Rogers,5.5,2,7100,PHI@MIA,MIA,PHI,,,,,,P
74711-13664,P,Patrick,Patrick Corbin,Corbin,8.5,2,7100,WSH@PIT,WSH,PIT,,,,Yes,,P
74711-62872,P,Vince,Vince Velasquez,Velasquez,15,1,7100,TB@CWS,CWS,TB,,,,Yes,,P
74711-102343,P,Tony,Tony Gonsolin,Gonsolin,16.5,2,7100,CIN@LAD,LAD,CIN,,,,,,P
74711-102489,P,Carlos,Carlos Hernandez,Hernandez,4,1,7000,DET@KC,KC,DET,,,,Yes,,P
74711-12972,P,Wade,Wade Miley,Miley,27.1,30,7000,CHC@COL,CHC,COL,IL,Elbow,,,,P
74711-60632,P,Kyle,Kyle Freeland,Freeland,9,2,7000,CHC@COL,COL,CHC,,,,,,P
74711-79107,P,Vladimir,Vladimir Gutierrez,Gutierrez,15.5,2,7000,CIN@LAD,CIN,LAD,,,,,,P
74711-79123,P,Tyler,Tyler Alexander,Alexander,19,1,7000,DET@KC,DET,KC,,,,Yes,,P
74711-79224,P,Chris,Chris Paddack,Paddack,12,1,7000,MIN@BOS,MIN,BOS,,,,,,P
74711-102344,P,Brady,Brady Singer,Singer,6,1,7000,DET@KC,KC,DET,,,,,,P
74711-80433,P,Dinelson,Dinelson Lamet,Lamet,8.333333333333334,3,6900,ATL@SD,SD,ATL,,,,,,P
74711-17087,P,Drew,Drew Smyly,Smyly,24,1,6900,CHC@COL,CHC,COL,,,,Yes,,P
74711-79226,P,Eric,Eric Lauer,Lauer,19,1,6900,STL@MIL,MIL,STL,,,,,,P
74711-16957,P,Dylan,Dylan Bundy,Bundy,27,1,6800,MIN@BOS,MIN,BOS,,,,,,P
74711-82546,P,Adbert,Adbert Alzolay,Alzolay,20.766666666666666,30,6800,CHC@COL,CHC,COL,IL,Lat,,,,P
74711-70561,P,Alec,Alec Mills,Mills,14.212121212121213,33,6800,CHC@COL,CHC,COL,IL,Back,,,,P
74711-154714,P,Tylor,Tylor Megill,Megill,38,2,6800,ARI@NYM,NYM,ARI,,,,,,P
74711-135229,P,Reid,Reid Detmers,Detmers,12.5,2,6700,LAA@TEX,LAA,TEX,,,,,,P
74711-38228,P,Trevor,Trevor May,May,2,3,6700,ARI@NYM,NYM,ARI,DTD,Triceps,,,,P
74711-79217,P,Mitch,Mitch Keller,Keller,11.5,2,6700,WSH@PIT,PIT,WSH,,,,,,P
74711-68452,P,Kenta,Kenta Maeda,Maeda,24,23,6600,MIN@BOS,MIN,BOS,IL,Elbow,,,,P
74711-80859,P,Paul,Paul Blackburn,Blackburn,30,2,6600,OAK@TOR,OAK,TOR,,,,,,P
74711-101819,P,Jose,Jose Suarez,Suarez,13,1,6600,LAA@TEX,LAA,TEX,,,,Yes,,P
74711-81490,P,Chris,Chris Flexen,Flexen,17.5,2,6600,HOU@SEA,SEA,HOU,,,,,,P
74711-102382,P,Daulton,Daulton Jefferies,Jefferies,20,2,6600,OAK@TOR,OAK,TOR,,,,,,P
74711-102530,P,Spencer,Spencer Howard,Howard,6,1,6500,LAA@TEX,TEX,LAA,IL,Finger,,,,P
74711-82550,P,Hunter,Hunter Greene,Greene,30.5,2,6500,CIN@LAD,CIN,LAD,,,,,,P
74711-12929,P,Jordan,Jordan Lyles,Lyles,15.5,2,6500,NYY@BAL,BAL,NYY,,,,,,P
74711-52183,P,Tyler,Tyler Glasnow,Glasnow,44.357142857142854,14,6500,TB@CWS,TB,CWS,IL,Elbow,,,,P
74711-85269,P,Cole,Cole Irvin,Irvin,21,2,6500,OAK@TOR,OAK,TOR,,,,,,P
74711-79228,P,Cal,Cal Quantrill,Quantrill,17.5,2,6500,SF@CLE,CLE,SF,,,,,,P
74711-82635,P,MacKenzie,MacKenzie Gore,Gore,19,1,6400,ATL@SD,SD,ATL,,,,,,P
74711-79073,P,Mike,Mike Soroka,Soroka,,,6400,ATL@SD,ATL,SD,IL,Achilles,,,,P
74711-38311,P,Ross,Ross Stripling,Stripling,7,3,6400,OAK@TOR,TOR,OAK,,,,,,P
74711-163693,P,Adam,Adam Oller,Oller,-2,1,6400,OAK@TOR,OAK,TOR,,,,Yes,,P
74711-82534,P,Bryse,Bryse Wilson,Wilson,11,2,6300,WSH@PIT,PIT,WSH,,,,,,P
74711-68484,P,Chad,Chad Kuhl,Kuhl,25,1,6300,CHC@COL,COL,CHC,,,,,,P
74711-11328,P,Martin,Martin Perez,Perez,9,1,6300,LAA@TEX,TEX,LAA,,,,Yes,,P
74711-23834,P,Collin,Collin McHugh,McHugh,9.25,4,6300,ATL@SD,ATL,SD,,,,,,P
74711-102333,P,Daniel,Daniel Lynch,Lynch,18,1,6300,DET@KC,KC,DET,,,,,,P
74711-152888,P,Sam,Sam Long,Long,1,1,6100,SF@CLE,SF,CLE,,,,,,P
74711-137410,P,Humberto,Humberto Castellanos,Castellanos,4.5,2,6000,ARI@NYM,ARI,NYM,,,,Yes,,P
74711-82552,P,Tony,Tony Santillan,Santillan,4.25,4,6000,CIN@LAD,CIN,LAD,,,,,,P
74711-13258,P,Wily,Wily Peralta,Peralta,21.42105263157895,19,6000,DET@KC,DET,KC,,,,,,P
74711-68555,P,Brent,Brent Honeywell,Honeywell,4.333333333333333,3,6000,OAK@TOR,OAK,TOR,IL,Elbow,,,,P
74711-79085,P,Keegan,Keegan Akin,Akin,14.5,2,6000,NYY@BAL,BAL,NYY,,,,,,P
74711-79198,P,Justus,Justus Sheffield,Sheffield,4,2,6000,HOU@SEA,SEA,HOU,,,,,,P
74711-118180,P,Tucker,Tucker Davidson,Davidson,-1,1,6000,ATL@SD,ATL,SD,,,,,,P
74711-63136,P,Matthew,Matthew Boyd,Boyd,25.133333333333333,15,6000,SF@CLE,SF,CLE,IL,Elbow,,,,P
74711-102330,P,Kris,Kris Bubic,Bubic,4.5,2,6000,DET@KC,KC,DET,,,,,,P
74711-71034,P,Seth,Seth Lugo,Lugo,4.4,5,5900,ARI@NYM,NYM,ARI,,,,,,P
74711-145922,P,Tyler,Tyler Wells,Wells,10,2,5800,NYY@BAL,BAL,NYY,,,,,,P
74711-82638,P,Jordan,Jordan Hicks,Hicks,18,1,5800,STL@MIL,STL,MIL,,,,,,P
74711-95115,P,Josh,Josh Rogers,Rogers,19,2,5800,WSH@PIT,WSH,PIT,,,,,,P
74711-66765,P,Jorge,Jorge Lopez,Lopez,4,4,5800,NYY@BAL,BAL,NYY,,,,,,P
74711-102440,P,Mike,Mike Baumann,Baumann,10,2,5700,NYY@BAL,BAL,NYY,,,,,,P
74711-82636,P,Joey,Joey Lucchesi,Lucchesi,17,11,5700,ARI@NYM,NYM,ARI,IL,Elbow,,,,P
74711-60637,P,Sean,Sean Newcomb,Newcomb,5.5,2,5600,ATL@SD,ATL,SD,,,,,,P
74711-81926,P,Andres,Andres Machado,Machado,4.333333333333333,3,5500,WSH@PIT,WSH,PIT,,,,,,P
74711-114708,P,Randy,Randy Dobnak,Dobnak,8.142857142857142,14,5500,MIN@BOS,MIN,BOS,IL,Finger,,,,P
74711-135191,P,Josh,Josh Fleming,Fleming,25,2,5500,TB@CWS,TB,CWS,,,,,,P
74711-161818,P,Dylan,Dylan Coleman,Coleman,6,5,5500,DET@KC,KC,DET,,,,,,P
74711-135192,P,Ryan,Ryan Thompson,Thompson,7,3,5500,TB@CWS,TB,CWS,,,,,,P
74711-135196,P,Tyler,Tyler Zuber,Zuber,3.225806451612903,31,5500,DET@KC,KC,DET,IL,Shoulder,,,,P
74711-135214,P,Ralph,Ralph Garza Jr.,Garza Jr.,3,1,5500,TB@CWS,TB,CWS,,,,,,P
74711-102447,P,Dean,Dean Kremer,Kremer,13.461538461538462,13,5500,NYY@BAL,BAL,NYY,IL,Oblique,,,,P
74711-135212,P,Luis,Luis Garcia,Garcia,15,1,5500,HOU@SEA,HOU,SEA,,,,,,P
74711-102458,P,Kutter,Kutter Crawford,Crawford,5.333333333333333,3,5500,MIN@BOS,BOS,MIN,,,,,,P
74711-38982,P,Noe,Noe Ramirez,Ramirez,6.25,4,5500,ARI@NYM,ARI,NYM,,,,,,P
74711-135236,P,Max,Max Kranick,Kranick,15.88888888888889,9,5500,WSH@PIT,PIT,WSH,IL,Forearm,,,,P
74711-135237,P,Nick,Nick Mears,Mears,3.533333333333333,30,5500,WSH@PIT,PIT,WSH,IL,Elbow,,,,P
74711-102474,P,Eli,Eli Morgan,Morgan,16.5,2,5500,SF@CLE,CLE,SF,,,,,,P
74711-149577,P,Louis,Louis Head,Head,2.5,2,5500,PHI@MIA,MIA,PHI,,,,,,P
74711-102477,P,Jonathan,Jonathan Stiever,Stiever,-9,1,5500,TB@CWS,CWS,TB,IL,Lat,,,,P
74711-135250,P,Daniel,Daniel Castano,Castano,6,2,5500,PHI@MIA,MIA,PHI,,,,,,P
74711-135253,P,Alex,Alex Vesia,Vesia,3,2,5500,CIN@LAD,LAD,CIN,,,,,,P
74711-79960,P,Paul,Paul Fry,Fry,2.5,4,5500,NYY@BAL,BAL,NYY,,,,,,P
74711-135256,P,Connor,Connor Brogdon,Brogdon,1,3,5500,PHI@MIA,PHI,MIA,,,,,,P
74711-135257,P,Damon,Damon Jones,Jones,2.5,2,5500,PHI@MIA,PHI,MIA,,,,,,P
74711-135262,P,Anthony,Anthony Misiewicz,Misiewicz,4,2,5500,HOU@SEA,SEA,HOU,,,,,,P
74711-135264,P,Aaron,Aaron Fletcher,Fletcher,0,3,5500,WSH@PIT,PIT,WSH,,,,,,P
74711-82018,P,Victor,Victor Arano,Arano,7.6,5,5500,WSH@PIT,WSH,PIT,,,,,,P
74711-102498,P,Patrick,Patrick Sandoval,Sandoval,30,1,5500,LAA@TEX,LAA,TEX,,,,,,P
74711-116839,P,David,David Bednar,Bednar,6.666666666666667,3,5500,WSH@PIT,PIT,WSH,,,,,,P
74711-73835,P,Ty,Ty Blach,Blach,19,2,5500,CHC@COL,COL,CHC,,,,,,P
74711-135279,P,Codi,Codi Heuer,Heuer,4.787878787878788,66,5500,CHC@COL,CHC,COL,IL,Elbow,,,,P
74711-116847,P,Cole,Cole Sulser,Sulser,4.25,4,5500,PHI@MIA,MIA,PHI,,,,,,P
74711-161906,P,Dauri,Dauri Moreta,Moreta,5.8,5,5500,CIN@LAD,CIN,LAD,,,,,,P
74711-135281,P,Bryan,Bryan Baker,Baker,7.25,4,5500,NYY@BAL,BAL,NYY,,,,,,P
74711-102517,P,Jhoan,Jhoan Duran,Duran,10,3,5500,MIN@BOS,MIN,BOS,,,,,,P
74711-135289,P,Kodi,Kodi Whitley,Whitley,10,1,5500,STL@MIL,STL,MIL,,,,,,P
74711-116868,P,Gabe,Gabe Speier,Speier,14,1,5500,DET@KC,KC,DET,,,,,,P
74711-102536,P,Nick,Nick Nelson,Nelson,6,2,5500,PHI@MIA,PHI,MIA,,,,,,P
74711-73866,P,Wandy,Wandy Peralta,Peralta,3.75,4,5500,NYY@BAL,NYY,BAL,,,,,,P
74711-73869,P,Joe,Joe Mantiply,Mantiply,5.25,4,5500,ARI@NYM,ARI,NYM,,,,,,P
74711-135312,P,Kyle,Kyle Nelson,Nelson,8.666666666666666,3,5500,ARI@NYM,ARI,NYM,,,,,,P
74711-135313,P,Nick,Nick Sandlin,Sandlin,1.75,4,5500,SF@CLE,CLE,SF,,,,,,P
74711-102549,P,Andres,Andres Munoz,Munoz,11,3,5500,HOU@SEA,SEA,HOU,,,,,,P
74711-6295,P,Daniel,Daniel Hudson,Hudson,9.666666666666666,3,5500,CIN@LAD,LAD,CIN,,,,,,P
74711-73878,P,Matt,Matt Koch,Koch,6,1,5500,HOU@SEA,SEA,HOU,,,,,,P
74711-73882,P,Joely,Joely Rodriguez,Rodriguez,3.25,4,5500,ARI@NYM,NYM,ARI,,,,,,P
74711-102556,P,Art,Art Warren,Warren,7.5,2,5500,CIN@LAD,CIN,LAD,,,,,,P
74711-80033,P,Emilio,Emilio Pagan,Pagan,7,3,5500,MIN@BOS,MIN,BOS,,,,,,P
74711-102560,P,Camilo,Camilo Doval,Doval,4.4,5,5500,SF@CLE,SF,CLE,,,,,,P
74711-80034,P,Jose,Jose Alvarado,Alvarado,4.5,2,5500,PHI@MIA,PHI,MIA,,,,,,P
74711-12452,P,Kenley,Kenley Jansen,Jansen,4.5,4,5500,ATL@SD,ATL,SD,,,,,,P
74711-102566,P,A.J.,A.J. Alexy,Alexy,21.2,5,5500,LAA@TEX,TEX,LAA,,,,,,P
74711-39081,P,Chasen,Chasen Shreve,Shreve,7.333333333333333,3,5500,ARI@NYM,NYM,ARI,,,,,,P
74711-12463,P,Greg,Greg Holland,Holland,3.4,5,5500,LAA@TEX,TEX,LAA,,,,,,P
74711-102574,P,Jake,Jake Woodford,Woodford,18,1,5500,STL@MIL,STL,MIL,,,,,,P
74711-145593,P,Carlos,Carlos Vargas,Vargas,,,5500,SF@CLE,CLE,SF,IL,Elbow,,,,P
74711-12481,P,Mike,Mike Minor,Minor,26.428571428571427,28,5500,CIN@LAD,CIN,LAD,IL,Shoulder,,,,P
74711-71875,P,Mike,Mike Mayers,Mayers,-6.5,2,5500,LAA@TEX,LAA,TEX,,,,,,P
74711-135361,P,Nabil,Nabil Crismatt,Crismatt,15.333333333333334,3,5500,ATL@SD,SD,ATL,,,,,,P
74711-145627,P,Lucas,Lucas Gilbreath,Gilbreath,4.8936170212765955,47,5500,CHC@COL,COL,CHC,IL,Illness,,,,P
74711-145625,P,Bailey,Bailey Falter,Falter,5.333333333333333,3,5500,PHI@MIA,PHI,MIA,,,,,,P
74711-145629,P,Mason,Mason Thompson,Thompson,6,2,5500,WSH@PIT,WSH,PIT,IL,Biceps,,,,P
74711-149731,P,Anthony,Anthony Bender,Bender,1.75,4,5500,PHI@MIA,MIA,PHI,,,,,,P
74711-162057,P,Jhon,Jhon Romero,Romero,6,3,5500,MIN@BOS,MIN,BOS,,,,,,P
74711-53550,P,Alex,Alex Reyes,Reyes,6.774647887323944,71,5500,STL@MIL,STL,MIL,IL,Shoulder,,,,P
74711-157997,P,Sean,Sean Guenther,Guenther,3.0714285714285716,14,5500,PHI@MIA,MIA,PHI,IL,Elbow,,,,P
74711-12594,P,Jake,Jake McGee,McGee,2.6666666666666665,3,5500,SF@CLE,SF,CLE,,,,,,P
74711-117065,P,James,James Karinchak,Karinchak,6.116666666666666,60,5500,SF@CLE,CLE,SF,IL,Shoulder,,,,P
74711-53608,P,Jose,Jose Urena,Urena,8,2,5500,STL@MIL,MIL,STL,,,,,,P
74711-153961,P,Tayler,Tayler Saucedo,Saucedo,-2.5,2,5500,OAK@TOR,TOR,OAK,,,,,,P
74711-57717,P,Buck,Buck Farmer,Farmer,7.666666666666667,3,5500,CIN@LAD,CIN,LAD,,,,,,P
74711-149886,P,Cody,Cody Poteet,Poteet,11.5,2,5500,PHI@MIA,MIA,PHI,,,,,,P
74711-12675,P,Steve,Steve Cishek,Cishek,5,4,5500,WSH@PIT,WSH,PIT,,,,,,P
74711-160141,P,Nick,Nick Snyder,Snyder,3,1,5500,LAA@TEX,TEX,LAA,,,,,,P
74711-61858,P,Raisel,Raisel Iglesias,Iglesias,6.75,4,5500,LAA@TEX,LAA,TEX,,,,,,P
74711-158134,P,Stephen,Stephen Ridings,Ridings,6.6,5,5500,NYY@BAL,NYY,BAL,IL,Shoulder,,,,P
74711-65987,P,Domingo,Domingo German,German,22.136363636363637,22,5500,NYY@BAL,NYY,BAL,IL,Shoulder,,,,P
74711-84431,P,Dereck,Dereck Rodriguez,Rodriguez,9,1,5500,MIN@BOS,MIN,BOS,,,,,,P
74711-80346,P,Giovanny,Giovanny Gallegos,Gallegos,5.333333333333333,3,5500,STL@MIL,STL,MIL,,,,,,P
74711-158178,P,Dusten,Dusten Knight,Knight,13,1,5500,TB@CWS,TB,CWS,,,,,,P
74711-84452,P,Caleb,Caleb Ferguson,Ferguson,,,5500,CIN@LAD,LAD,CIN,IL,Elbow,,,,P
74711-117232,P,Michael,Michael King,King,14,4,5500,NYY@BAL,NYY,BAL,,,,,,P
74711-145918,P,Will,Will Vest,Vest,3,3,5500,DET@KC,DET,KC,,,,,,P
74711-80409,P,Paolo,Paolo Espino,Espino,10.333333333333334,3,5500,WSH@PIT,WSH,PIT,,,,,,P
74711-162328,P,Reiver,Reiver Sanmartin,Sanmartin,9.5,2,5500,CIN@LAD,CIN,LAD,,,,,,P
74711-119329,P,Nick,Nick Lodolo,Lodolo,9,1,5500,CIN@LAD,CIN,LAD,,,,,,P
74711-64044,P,Tyler,Tyler Duffey,Duffey,3,2,5500,MIN@BOS,MIN,BOS,,,,,,P
74711-23086,P,Justin,Justin Grimm,Grimm,6,3,5500,OAK@TOR,OAK,TOR,,,,,,P
74711-23089,P,Dallas,Dallas Keuchel,Keuchel,27,1,5500,TB@CWS,CWS,TB,,,,,,P
74711-12860,P,Zack,Zack Britton,Britton,3.0454545454545454,22,5500,NYY@BAL,NYY,BAL,IL,Elbow,,,,P
74711-16956,P,Gerrit,Gerrit Cole,Cole,19,2,5500,NYY@BAL,NYY,BAL,,,,,,P
74711-119356,P,Oliver,Oliver Ortega,Ortega,5.25,4,5500,LAA@TEX,LAA,TEX,,,,,,P
74711-16959,P,Trevor,Trevor Bauer,Bauer,43.8235294117647,17,5500,CIN@LAD,LAD,CIN,O,Personal,,,,P
74711-80446,P,Drew,Drew Steckenrider,Steckenrider,4,3,5500,HOU@SEA,SEA,HOU,,,,,,P
74711-156227,P,Josh,Josh Winder,Winder,9.5,2,5500,MIN@BOS,MIN,BOS,,,,,,P
74711-72265,P,Matt,Matt Strahm,Strahm,5.5,4,5500,MIN@BOS,BOS,MIN,,,,,,P
74711-139851,P,Justin,Justin Topa,Topa,-5,4,5500,STL@MIL,MIL,STL,IL,Elbow,,,,P
74711-80460,P,John,John Brebbia,Brebbia,3.3333333333333335,3,5500,SF@CLE,SF,CLE,,,,,,P
74711-16982,P,Ryan,Ryan Tepera,Tepera,6.75,4,5500,LAA@TEX,LAA,TEX,,,,,,P
74711-16986,P,Alex,Alex Colome,Colome,3.6666666666666665,3,5500,CHC@COL,COL,CHC,,,,,,P
74711-119391,P,Roansy,Roansy Contreras,Contreras,14.5,2,5500,WSH@PIT,PIT,WSH,,,,,,P
74711-16994,P,Lucas,Lucas Luetge,Luetge,9.75,4,5500,NYY@BAL,NYY,BAL,,,,,,P
74711-82539,P,Jalen,Jalen Beeks,Beeks,16,2,5500,TB@CWS,TB,CWS,,,,,,P
74711-53876,P,Spencer,Spencer Patton,Patton,5.75,4,5500,LAA@TEX,TEX,LAA,,,,,,P
74711-82548,P,Alex,Alex Lange,Lange,4.75,4,5500,DET@KC,DET,KC,,,,,,P
74711-70271,P,Carlos,Carlos Estevez,Estevez,3.75,4,5500,CHC@COL,COL,CHC,,,,,,P
74711-17026,P,Heath,Heath Hembree,Hembree,1.75,4,5500,WSH@PIT,PIT,WSH,,,,,,P
74711-82565,P,Ryan,Ryan Castellani,Castellani,10,1,5500,OAK@TOR,OAK,TOR,,,,,,P
74711-62087,P,Miguel,Miguel Castro,Castro,4.8,5,5500,NYY@BAL,NYY,BAL,,,,,,P
74711-82572,P,Gregory,Gregory Soto,Soto,5.25,4,5500,DET@KC,DET,KC,,,,,,P
74711-162445,P,Spencer,Spencer Strider,Strider,18.5,2,5500,ATL@SD,ATL,SD,,,,,,P
74711-82582,P,Griffin,Griffin Canning,Canning,18.6875,16,5500,LAA@TEX,LAA,TEX,IL,Back,,,,P
74711-82584,P,J.B.,J.B. Bukauskas,Bukauskas,2.9047619047619047,21,5500,ARI@NYM,ARI,NYM,IL,Shoulder,,,,P
74711-82591,P,Chris,Chris Rodriguez,Rodriguez,10.4,15,5500,LAA@TEX,LAA,TEX,IL,Shoulder,,,,P
74711-82592,P,Dennis,Dennis Santana,Santana,3.3333333333333335,3,5500,LAA@TEX,TEX,LAA,IL,Undisclosed,,,,P
74711-82594,P,Dustin,Dustin May,May,33.4,5,5500,CIN@LAD,LAD,CIN,IL,Elbow,,,,P
74711-17065,P,Blake,Blake Treinen,Treinen,9,3,5500,CIN@LAD,LAD,CIN,,,,,,P
74711-82603,P,Mitch,Mitch White,White,9,2,5500,CIN@LAD,LAD,CIN,,,,,,P
74711-84651,P,Austin,Austin Davis,Davis,3.75,4,5500,MIN@BOS,BOS,MIN,,,,,,P
74711-80571,P,Phil,Phil Maton,Maton,7,3,5500,HOU@SEA,HOU,SEA,,,,,,P
74711-82621,P,Clarke,Clarke Schmidt,Schmidt,6,2,5500,NYY@BAL,NYY,BAL,,,,,,P
74711-82627,P,JoJo,JoJo Romero,Romero,2.727272727272727,11,5500,PHI@MIA,PHI,MIA,IL,Elbow,,,,P
74711-17094,P,Jake,Jake Diekman,Diekman,7,3,5500,MIN@BOS,BOS,MIN,,,,,,P
74711-82633,P,Michel,Michel Baez,Baez,,,5500,ATL@SD,SD,ATL,IL,Elbow,,,,P
74711-82634,P,Logan,Logan Allen,Allen,8.5,2,5500,SF@CLE,CLE,SF,,,,,,P
74711-17100,P,Jeurys,Jeurys Familia,Familia,7.666666666666667,3,5500,PHI@MIA,PHI,MIA,,,,,,P
74711-82639,P,Ryan,Ryan Helsley,Helsley,7.666666666666667,3,5500,STL@MIL,STL,MIL,,,,,,P
74711-13010,P,David,David Phelps,Phelps,3.75,4,5500,OAK@TOR,TOR,OAK,,,,,,P
74711-82647,P,Brendan,Brendan McKay,McKay,,,5500,TB@CWS,TB,CWS,IL,Shoulder,,,,P
74711-17112,P,Tyler,Tyler Thornburg,Thornburg,6.333333333333333,3,5500,ATL@SD,ATL,SD,,,,,,P
74711-21210,P,Mychal,Mychal Givens,Givens,8.5,4,5500,CHC@COL,CHC,COL,,,,,,P
74711-13019,P,Garrett,Garrett Richards,Richards,3,2,5500,LAA@TEX,TEX,LAA,,,,,,P
74711-82653,P,Ryan,Ryan Borucki,Borucki,4.708333333333333,24,5500,OAK@TOR,TOR,OAK,IL,Hamstring,,,,P
74711-82657,P,Wil,Wil Crowe,Crowe,16,3,5500,WSH@PIT,PIT,WSH,,,,,,P
74711-13025,P,Pedro,Pedro Baez,Baez,-1,2,5500,HOU@SEA,HOU,SEA,,,,,,P
74711-82656,P,Nate,Nate Pearson,Pearson,7.5,12,5500,OAK@TOR,TOR,OAK,IL,Illness,,,,P
74711-53990,P,Shawn,Shawn Armstrong,Armstrong,3,4,5500,PHI@MIA,MIA,PHI,,,,,,P
74711-82663,P,Seth,Seth Romero,Romero,,,5500,WSH@PIT,WSH,PIT,IL,Calf,,,,P
74711-84727,P,Drew,Drew Smith,Smith,8,4,5500,ARI@NYM,NYM,ARI,,,,,,P
74711-84731,P,Evan,Evan Phillips,Phillips,6.25,4,5500,CIN@LAD,LAD,CIN,,,,,,P
74711-13055,P,Anthony,Anthony Gose,Gose,4.333333333333333,3,5500,SF@CLE,CLE,SF,,,,,,P
74711-135976,P,Bennett,Bennett Sousa,Sousa,3.4,5,5500,TB@CWS,CWS,TB,,,,,,P
74711-135977,P,Garrett,Garrett Crochet,Crochet,5.931034482758621,58,5500,TB@CWS,CWS,TB,IL,Elbow,,,,P
74711-13118,P,Justin,Justin Wilson,Wilson,6.333333333333333,3,5500,CIN@LAD,CIN,LAD,,,,,,P
74711-84815,P,Joey,Joey Krehbiel,Krehbiel,7.5,4,5500,NYY@BAL,BAL,NYY,,,,,,P
74711-119631,P,Yerry,Yerry Rodriguez,Rodriguez,,,5500,LAA@TEX,TEX,LAA,,,,,,P
74711-70482,P,J.B.,J.B. Wendelken,Wendelken,4.666666666666667,3,5500,ARI@NYM,ARI,NYM,,,,,,P
74711-11108,P,Aroldis,Aroldis Chapman,Chapman,5.6,5,5500,NYY@BAL,NYY,BAL,,,,,,P
74711-68466,P,Steven,Steven Okert,Okert,7.75,4,5500,PHI@MIA,MIA,PHI,,,,,,P
74711-70517,P,Chad,Chad Green,Green,3.5,4,5500,NYY@BAL,NYY,BAL,,,,,,P
74711-15225,P,Liam,Liam Hendriks,Hendriks,6.6,5,5500,TB@CWS,CWS,TB,,,,,,P
74711-68475,P,JT,JT Chargois,Chargois,5,1,5500,TB@CWS,TB,CWS,IL,Oblique,,,,P
74711-68474,P,Josh,Josh Hader,Hader,7,3,5500,STL@MIL,MIL,STL,,,,,,P
74711-68477,P,Jake,Jake Reed,Reed,4.8,10,5500,ARI@NYM,NYM,ARI,IL,Oblique,,,,P
74711-68476,P,Taylor,Taylor Rogers,Rogers,6,3,5500,ATL@SD,SD,ATL,,,,,,P
74711-68483,P,Trevor,Trevor Williams,Williams,3,1,5500,ARI@NYM,NYM,ARI,,,,,,P
74711-68485,P,Ryan,Ryan Yarbrough,Yarbrough,21.133333333333333,30,5500,TB@CWS,TB,CWS,IL,Groin,,,,P
74711-68491,P,Reynaldo,Reynaldo Lopez,Lopez,8.666666666666666,3,5500,TB@CWS,CWS,TB,,,,,,P
74711-68490,P,Austin,Austin Voth,Voth,2.75,4,5500,WSH@PIT,WSH,PIT,,,,,,P
74711-23437,P,Brooks,Brooks Raley,Raley,7.333333333333333,3,5500,TB@CWS,TB,CWS,,,,,,P
74711-82840,P,Yonny,Yonny Chirinos,Chirinos,,,5500,TB@CWS,TB,CWS,IL,Elbow,,,,P
74711-68507,P,Duane,Duane Underwood Jr.,Underwood Jr.,-3,1,5500,WSH@PIT,PIT,WSH,IL,Hamstring,,,,P
74711-68510,P,Amir,Amir Garrett,Garrett,4,2,5500,DET@KC,KC,DET,,,,,,P
74711-80801,P,Hoby,Hoby Milner,Milner,5.75,4,5500,STL@MIL,MIL,STL,,,,,,P
74711-68515,P,Sam,Sam Moll,Moll,5.333333333333333,3,5500,OAK@TOR,OAK,TOR,,,,,,P
74711-68518,P,Spencer,Spencer Turnbull,Turnbull,30.444444444444443,9,5500,DET@KC,DET,KC,IL,Elbow,,,,P
74711-68520,P,Michael,Michael Fulmer,Fulmer,8.25,4,5500,DET@KC,DET,KC,,,,,,P
74711-168872,P,Ronel,Ronel Blanco,Blanco,5.666666666666667,3,5500,HOU@SEA,HOU,SEA,,,,,,P
74711-52141,P,Lucas,Lucas Sims,Sims,7.0212765957446805,47,5500,CIN@LAD,CIN,LAD,IL,Elbow,,,,P
74711-52142,P,Eduardo,Eduardo Rodriguez,Rodriguez,14.5,2,5500,DET@KC,DET,KC,,,,,,P
74711-52143,P,Hunter,Hunter Harvey,Harvey,4.666666666666667,3,5500,WSH@PIT,WSH,PIT,,,,,,P
74711-68529,P,Jharel,Jharel Cotton,Cotton,6,2,5500,MIN@BOS,MIN,BOS,,,,,,P
74711-68530,P,Jarlin,Jarlin Garcia,Garcia,9.333333333333334,3,5500,SF@CLE,SF,CLE,,,,,,P
74711-52148,P,Pierce,Pierce Johnson,Johnson,6.75,4,5500,ATL@SD,SD,ATL,,,,,,P
74711-52152,P,Robert,Robert Stephenson,Stephenson,5.26530612244898,49,5500,CHC@COL,COL,CHC,IL,Illness,,,,P
74711-70585,P,Richard,Richard Bleier,Bleier,5,3,5500,PHI@MIA,MIA,PHI,,,,,,P
74711-68548,P,Edwin,Edwin Diaz,Diaz,7,3,5500,ARI@NYM,NYM,ARI,,,,,,P
74711-68551,P,Tyler,Tyler Beede,Beede,12,1,5500,SF@CLE,SF,CLE,,,,,,P
74711-68552,P,Sam,Sam Coonrod,Coonrod,5.380952380952381,42,5500,PHI@MIA,PHI,MIA,IL,Shoulder,,,,P
74711-5069,P,Craig,Craig Stammen,Stammen,3,5,5500,ATL@SD,SD,ATL,,,,,,P
74711-68556,P,Dillon,Dillon Tate,Tate,6.25,4,5500,NYY@BAL,BAL,NYY,,,,,,P
74711-68561,P,Luke,Luke Weaver,Weaver,-1,1,5500,ARI@NYM,ARI,NYM,IL,Elbow,,,,P
74711-80849,P,Adam,Adam Kolarek,Kolarek,3.5,2,5500,OAK@TOR,OAK,TOR,,,,,,P
74711-13268,P,Danny,Danny Duffy,Duffy,28.23076923076923,13,5500,CIN@LAD,LAD,CIN,IL,Forearm,,,,P
74711-13271,P,Will,Will Smith,Smith,4,4,5500,ATL@SD,ATL,SD,,,,,,P
74711-52184,P,Matt,Matt Wisler,Wisler,5.8,5,5500,TB@CWS,TB,CWS,,,,,,P
74711-82911,P,Adam,Adam Cimber,Cimber,10.75,4,5500,OAK@TOR,TOR,OAK,,,,,,P
74711-52191,P,Kyle,Kyle Crick,Crick,5.333333333333333,3,5500,TB@CWS,CWS,TB,,,,,,P
74711-52192,P,Luke,Luke Jackson,Jackson,4.987804878048781,82,5500,ATL@SD,ATL,SD,IL,Elbow,,,,P
74711-70624,P,Chris,Chris Stratton,Stratton,4,3,5500,WSH@PIT,PIT,WSH,,,,,,P
74711-52195,P,Daniel,Daniel Norris,Norris,3.6666666666666665,3,5500,CHC@COL,CHC,COL,,,,,,P
74711-70629,P,Jacob,Jacob Barnes,Barnes,6,3,5500,DET@KC,DET,KC,,,,,,P
74711-52198,P,Lucas,Lucas Giolito,Giolito,30,1,5500,TB@CWS,CWS,TB,IL,Abdomen,,,,P
74711-82922,P,Tyler,Tyler Kinley,Kinley,7,4,5500,CHC@COL,COL,CHC,,,,,,P
74711-82924,P,Tim,Tim Hill,Hill,1.6666666666666667,3,5500,ATL@SD,SD,ATL,,,,,,P
74711-68590,P,Javy,Javy Guerra,Guerra,-3,1,5500,TB@CWS,TB,CWS,,,,,,P
74711-5107,P,Sergio,Sergio Romo,Romo,7.5,2,5500,HOU@SEA,SEA,HOU,IL,Shoulder,,,,P
74711-168950,P,Andre,Andre Pallante,Pallante,4.5,2,5500,STL@MIL,STL,MIL,,,,,,P
74711-82935,P,Trevor,Trevor Richards,Richards,6.25,4,5500,OAK@TOR,TOR,OAK,,,,,,P
74711-13312,P,Ryan,Ryan Brasier,Brasier,4.25,4,5500,MIN@BOS,BOS,MIN,,,,,,P
74711-168965,P,Tanner,Tanner Banks,Banks,12,2,5500,TB@CWS,CWS,TB,,,,,,P
74711-97300,P,John,John Means,Means,18,2,5500,NYY@BAL,BAL,NYY,IL,Elbow,,,,P
74711-82974,P,Tanner,Tanner Rainey,Rainey,6,3,5500,WSH@PIT,WSH,PIT,,,,,,P
74711-68653,P,Luis,Luis Cessa,Cessa,1.6666666666666667,3,5500,CIN@LAD,CIN,LAD,,,,,,P
74711-82999,P,Scott,Scott Barlow,Barlow,8.75,4,5500,DET@KC,KC,DET,,,,,,P
74711-82998,P,Lou,Lou Trivino,Trivino,5,4,5500,OAK@TOR,OAK,TOR,,,,,,P
74711-11325,P,Sean,Sean Doolittle,Doolittle,6.75,4,5500,WSH@PIT,WSH,PIT,,,,,,P
74711-11327,P,Matt,Matt Bush,Bush,6,3,5500,LAA@TEX,TEX,LAA,,,,,,P
74711-58434,P,Kendall,Kendall Graveman,Graveman,7,5,5500,TB@CWS,CWS,TB,,,,,,P
74711-154688,P,Jake,Jake Cousins,Cousins,7.5,4,5500,STL@MIL,MIL,STL,,,,,,P
74711-169030,P,Zach,Zach Jackson,Jackson,3.25,4,5500,OAK@TOR,OAK,TOR,,,,,,P
74711-11333,P,Craig,Craig Kimbrel,Kimbrel,4.5,2,5500,CIN@LAD,LAD,CIN,,,,,,P
74711-169028,P,Jake,Jake Lemoine,Lemoine,5,3,5500,OAK@TOR,OAK,TOR,,,,,,P
74711-11335,P,Jay,Jay Jackson,Jackson,5.826086956521739,23,5500,ATL@SD,ATL,SD,IL,Lat,,,,P
74711-23626,P,Will,Will Harris,Harris,3.375,8,5500,WSH@PIT,WSH,PIT,IL,Pectoral,,,,P
74711-11354,P,Lance,Lance Lynn,Lynn,33.93103448275862,29,5500,TB@CWS,CWS,TB,IL,Knee,,,,P
74711-13404,P,Anthony,Anthony Bass,Bass,3.25,4,5500,PHI@MIA,MIA,PHI,,,,,,P
74711-5230,P,Joe,Joe Smith,Smith,6.333333333333333,3,5500,MIN@BOS,MIN,BOS,,,,,,P
74711-38001,P,Matt,Matt Barnes,Barnes,3,3,5500,MIN@BOS,BOS,MIN,,,,,,P
74711-85107,P,James,James Norwood,Norwood,6,2,5500,PHI@MIA,PHI,MIA,,,,,,P
74711-38007,P,Jose,Jose Alvarez,Alvarez,4,4,5500,SF@CLE,SF,CLE,,,,,,P
74711-13438,P,Drew,Drew Pomeranz,Pomeranz,5.851851851851852,27,5500,ATL@SD,SD,ATL,IL,Elbow,,,,P
74711-54403,P,Trevor,Trevor Gott,Gott,10.333333333333334,3,5500,STL@MIL,MIL,STL,,,,,,P
74711-158858,P,Justin,Justin Bruihl,Bruihl,4.5,2,5500,CIN@LAD,LAD,CIN,,,,,,P
74711-38036,P,T.J.,T.J. McFarland,McFarland,6,1,5500,STL@MIL,STL,MIL,,,,,,P
74711-21653,P,Hector,Hector Neris,Neris,6.2,5,5500,HOU@SEA,HOU,SEA,,,,,,P
74711-81044,P,Austin,Austin Adams,Adams,9.5,2,5500,ATL@SD,SD,ATL,IL,Forearm,,,,P
74711-38041,P,Ryan,Ryan Pressly,Pressly,3.25,4,5500,HOU@SEA,HOU,SEA,IL,Knee,,,,P
74711-152734,P,Zach,Zach Thompson,Thompson,15,1,5500,WSH@PIT,PIT,WSH,DTD,Shoulder,,,,P
74711-81052,P,Andrew,Andrew Kittredge,Kittredge,8.25,4,5500,TB@CWS,TB,CWS,,,,,,P
74711-152733,P,Griffin,Griffin Jax,Jax,6,1,5500,MIN@BOS,MIN,BOS,,,,,,P
74711-13479,P,Joe,Joe Kelly,Kelly,5.090909090909091,55,5500,TB@CWS,CWS,TB,IL,Biceps,,,,P
74711-154794,P,Joe,Joe Barlow,Barlow,6,3,5500,LAA@TEX,TEX,LAA,,,,,,P
74711-140459,P,John,John King,King,4.5,4,5500,LAA@TEX,TEX,LAA,,,,,,P
74711-85164,P,Matt,Matt Festa,Festa,6.5,4,5500,HOU@SEA,SEA,HOU,,,,,,P
74711-62641,P,Andrew,Andrew Bellatti,Bellatti,5,2,5500,PHI@MIA,PHI,MIA,,,,,,P
74711-21682,P,Aaron,Aaron Loup,Loup,6.75,4,5500,LAA@TEX,LAA,TEX,,,,,,P
74711-83147,P,Brad,Brad Wieck,Wieck,9,15,5500,CHC@COL,CHC,COL,IL,Elbow,,,,P
74711-83159,P,Diego,Diego Castillo,Castillo,6,3,5500,HOU@SEA,SEA,HOU,,,,,,P
74711-83158,P,Seranthony,Seranthony Dominguez,Dominguez,8,4,5500,PHI@MIA,PHI,MIA,,,,,,P
74711-38106,P,Kirby,Kirby Yates,Yates,,,5500,ATL@SD,ATL,SD,IL,Elbow,,,,P
74711-83163,P,Jonathan,Jonathan Loaisiga,Loaisiga,4.4,5,5500,NYY@BAL,NYY,BAL,,,,,,P
74711-79066,P,Anthony,Anthony Banda,Banda,5.75,4,5500,WSH@PIT,PIT,WSH,,,,,,P
74711-79071,P,Taylor,Taylor Clarke,Clarke,3,4,5500,DET@KC,KC,DET,,,,,,P
74711-83166,P,Zack,Zack Littell,Littell,4.5,2,5500,SF@CLE,SF,CLE,,,,,,P
74711-72929,P,Jandel,Jandel Gustave,Gustave,2.6666666666666665,3,5500,STL@MIL,MIL,STL,,,,,,P
74711-60644,P,Luis,Luis Severino,Severino,28.5,2,5500,NYY@BAL,NYY,BAL,,,,,,P
74711-152806,P,Jason,Jason Foley,Foley,2,4,5500,DET@KC,DET,KC,,,,,,P
74711-79076,P,Kolby,Kolby Allard,Allard,-1,2,5500,LAA@TEX,TEX,LAA,,,,,,P
74711-83172,P,Jonathan,Jonathan Hernandez,Hernandez,,,5500,LAA@TEX,TEX,LAA,IL,Elbow,,,,P
74711-169195,P,Jeff,Jeff Singer,Singer,,,5500,PHI@MIA,PHI,MIA,,,,,,P
74711-136424,P,Jake,Jake Brentz,Brentz,2.3333333333333335,3,5500,DET@KC,KC,DET,,,,,,P
74711-79084,P,Tanner,Tanner Scott,Scott,6.75,4,5500,PHI@MIA,MIA,PHI,,,,,,P
74711-60656,P,Jeff,Jeff Hoffman,Hoffman,5.666666666666667,3,5500,CIN@LAD,CIN,LAD,,,,,,P
74711-79088,P,Travis,Travis Lakins Sr.,Lakins Sr.,-9,1,5500,NYY@BAL,BAL,NYY,,,,,,P
74711-83184,P,Julian,Julian Merryweather,Merryweather,3.4,5,5500,OAK@TOR,TOR,OAK,,,,,,P
74711-5362,P,Darren,Darren O'Day,O'Day,7.333333333333333,3,5500,ATL@SD,ATL,SD,,,,,,P
74711-5370,P,Daniel,Daniel Bard,Bard,6.6,5,5500,CHC@COL,COL,CHC,,,,,,P
74711-83194,P,Sam,Sam Howard,Howard,4.611111111111111,54,5500,WSH@PIT,PIT,WSH,IL,Back,,,,P
74711-21764,P,Caleb,Caleb Thielbar,Thielbar,-0.6666666666666666,3,5500,MIN@BOS,MIN,BOS,,,,,,P
74711-85253,P,Casey,Casey Mize,Mize,12,2,5500,DET@KC,DET,KC,IL,Elbow,,,,P
74711-79117,P,Peter,Peter Lambert,Lambert,2.5,2,5500,CHC@COL,COL,CHC,IL,Forearm,,,,P
74711-38164,P,Jimmy,Jimmy Nelson,Nelson,7.392857142857143,28,5500,CIN@LAD,LAD,CIN,IL,Elbow,,,,P
74711-79124,P,Joe,Joe Jimenez,Jimenez,7.5,4,5500,DET@KC,DET,KC,,,,,,P
74711-85271,P,Alexander,Alexander Wells,Wells,15,1,5500,NYY@BAL,BAL,NYY,,,,,,P
74711-83232,P,Jason,Jason Adam,Adam,7,3,5500,TB@CWS,TB,CWS,,,,,,P
74711-85289,P,Nick,Nick Anderson,Anderson,2,6,5500,TB@CWS,TB,CWS,IL,Elbow,,,,P
74711-85288,P,Brusdar,Brusdar Graterol,Graterol,3.6666666666666665,3,5500,CIN@LAD,LAD,CIN,,,,,,P
74711-38191,P,Hansel,Hansel Robles,Robles,6.333333333333333,3,5500,MIN@BOS,BOS,MIN,,,,,,P
74711-79150,P,Josh,Josh Staumont,Staumont,4.2,5,5500,DET@KC,KC,DET,,,,,,P
74711-79155,P,Jaime,Jaime Barria,Barria,13,2,5500,LAA@TEX,LAA,TEX,,,,,,P
74711-79169,P,Jordan,Jordan Sheffield,Sheffield,3.8333333333333335,30,5500,CHC@COL,COL,CHC,,,,,,P
74711-13635,P,Brad,Brad Hand,Hand,6.333333333333333,3,5500,PHI@MIA,PHI,MIA,,,,,,P
74711-113986,P,Emmanuel,Emmanuel Clase,Clase,3,3,5500,SF@CLE,CLE,SF,,,,,,P
74711-38216,P,Jose,Jose Cisnero,Cisnero,4.731343283582089,67,5500,DET@KC,DET,KC,IL,Shoulder,,,,P
74711-38217,P,Tommy,Tommy Kahnle,Kahnle,,,5500,CIN@LAD,LAD,CIN,IL,Elbow,,,,P
74711-79185,P,Justin,Justin Dunn,Dunn,21.90909090909091,11,5500,CIN@LAD,CIN,LAD,IL,Shoulder,,,,P
74711-79194,P,Domingo,Domingo Acevedo,Acevedo,5.4,5,5500,OAK@TOR,OAK,TOR,,,,,,P
74711-118106,P,Victor,Victor Gonzalez,Gonzalez,4.113636363636363,44,5500,CIN@LAD,LAD,CIN,IL,Elbow,,,,P
74711-79196,P,Albert,Albert Abreu,Abreu,7.5,2,5500,LAA@TEX,TEX,LAA,,,,,,P
74711-38240,P,Rafael,Rafael Montero,Montero,10,3,5500,HOU@SEA,HOU,SEA,,,,,,P
74711-79201,P,Anthony,Anthony Kay,Kay,12,1,5500,OAK@TOR,TOR,OAK,,,,,,P
74711-38246,P,Tyler,Tyler Anderson,Anderson,24,2,5500,CIN@LAD,LAD,CIN,,,,,,P
74711-79209,P,A.J.,A.J. Puk,Puk,8,3,5500,OAK@TOR,OAK,TOR,O,Undisclosed,,,,P
74711-118123,P,Blake,Blake Taylor,Taylor,2.6666666666666665,3,5500,HOU@SEA,HOU,SEA,,,,,,P
74711-38251,P,Hunter,Hunter Strickland,Strickland,-0.6666666666666666,3,5500,CIN@LAD,CIN,LAD,,,,,,P
74711-118124,P,Kent,Kent Emanuel,Emanuel,8.3,10,5500,PHI@MIA,PHI,MIA,IL,Elbow,,,,P
74711-79227,P,Adrian,Adrian Morejon,Morejon,8.5,2,5500,ATL@SD,SD,ATL,IL,Elbow,,,,P
74711-169337,P,Phoenix,Phoenix Sanders,Sanders,,,5500,TB@CWS,TB,CWS,,,,,,P
74711-79232,P,Clay,Clay Holmes,Holmes,6.8,5,5500,NYY@BAL,NYY,BAL,,,,,,P
74711-79245,P,Sandy,Sandy Alcantara,Alcantara,29.5,2,5500,PHI@MIA,MIA,PHI,,,,,,P
74711-13709,P,Deolis,Deolis Guerra,Guerra,5.981132075471698,53,5500,OAK@TOR,OAK,TOR,IL,Elbow,,,,P
74711-79258,P,Ryne,Ryne Stanek,Stanek,3,1,5500,HOU@SEA,HOU,SEA,,,,,,P
74711-38303,P,Andrew,Andrew Chafin,Chafin,5.183098591549296,71,5500,DET@KC,DET,KC,IL,Groin,,,,P
74711-38304,P,Archie,Archie Bradley,Bradley,6,3,5500,LAA@TEX,LAA,TEX,,,,,,P
74711-79266,P,Brett,Brett Martin,Martin,1.25,4,5500,LAA@TEX,TEX,LAA,,,,,,P
74711-101801,P,Joel,Joel Payamps,Payamps,3,2,5500,DET@KC,KC,DET,,,,,,P
74711-118185,P,Matt,Matt Foster,Foster,6.5,2,5500,TB@CWS,CWS,TB,,,,,,P
74711-79275,P,Sean,Sean Reid-Foley,Reid-Foley,0.6666666666666666,3,5500,ARI@NYM,NYM,ARI,,,,,,P
74711-118186,P,Jimmy,Jimmy Lambert,Lambert,6,1,5500,TB@CWS,CWS,TB,,,,,,P
74711-118190,P,Ashton,Ashton Goudeau,Goudeau,8,3,5500,CHC@COL,COL,CHC,,,,,,P
74711-101809,P,Josh,Josh Taylor,Taylor,4.3283582089552235,67,5500,MIN@BOS,BOS,MIN,IL,Back,,,,P
74711-79280,P,Jesus,Jesus Luzardo,Luzardo,48,1,5500,PHI@MIA,MIA,PHI,,,,,,P
74711-118195,P,Tejay,Tejay Antone,Antone,9.347826086956522,23,5500,CIN@LAD,CIN,LAD,IL,Elbow,,,,P
74711-101810,P,Justin,Justin Steele,Steele,27.5,2,5500,CHC@COL,CHC,COL,,,,,,P
74711-101812,P,Justin,Justin Lawrence,Lawrence,6,4,5500,CHC@COL,COL,CHC,,,,,,P
74711-118196,P,Ryan,Ryan Hendrix,Hendrix,3,3,5500,CIN@LAD,CIN,LAD,,,,,,P
74711-101815,P,Jimmy,Jimmy Herget,Herget,0.6666666666666666,3,5500,LAA@TEX,LAA,TEX,,,,,,P
74711-101814,P,Sam,Sam Hentges,Hentges,5.5,4,5500,SF@CLE,CLE,SF,,,,,,P
74711-101816,P,Bryan,Bryan Abreu,Abreu,4.333333333333333,3,5500,HOU@SEA,HOU,SEA,,,,,,P
74711-118205,P,Anthony,Anthony Castro,Castro,5.666666666666667,3,5500,SF@CLE,CLE,SF,,,,,,P
74711-40382,P,Luis,Luis Garcia,Garcia,2,1,5500,ATL@SD,SD,ATL,,,,,,P
74711-101822,P,Josh,Josh Sborz,Sborz,3,4,5500,LAA@TEX,TEX,LAA,IL,Elbow,,,,P
74711-101825,P,Jose,Jose Quijada,Quijada,1,1,5500,LAA@TEX,LAA,TEX,IL,Oblique,,,,P
74711-118209,P,Miguel,Miguel Yajure,Yajure,9,2,5500,WSH@PIT,PIT,WSH,,,,,,P
74711-118221,P,J.P.,J.P. Feyereisen,Feyereisen,5.5,4,5500,TB@CWS,TB,CWS,,,,Yes,,P
74711-101836,P,Pedro,Pedro Avila,Avila,6,1,5500,ATL@SD,SD,ATL,,,,,,P
74711-101838,P,JT,JT Brubaker,Brubaker,9.5,2,5500,WSH@PIT,PIT,WSH,,,,,,P
74711-118225,P,Cristopher,Cristopher Sanchez,Sanchez,14,1,5500,PHI@MIA,PHI,MIA,,,,,,P
74711-118224,P,Garrett,Garrett Cleavinger,Cleavinger,2,1,5500,CIN@LAD,LAD,CIN,,,,,,P
74711-118226,P,Blake,Blake Cederlind,Cederlind,,,5500,WSH@PIT,PIT,WSH,IL,Elbow,,,,P
74711-101845,P,Genesis,Genesis Cabrera,Cabrera,5.666666666666667,3,5500,STL@MIL,STL,MIL,,,,,,P
74711-101846,P,Erik,Erik Swanson,Swanson,8.333333333333334,3,5500,HOU@SEA,SEA,HOU,,,,,,P
74711-101851,P,Brock,Brock Burke,Burke,24,2,5500,LAA@TEX,TEX,LAA,,,,,,P
74711-101855,P,Trent,Trent Thornton,Thornton,9,3,5500,OAK@TOR,TOR,OAK,,,,,,P
74711-101856,P,Patrick,Patrick Murphy,Murphy,2.75,4,5500,WSH@PIT,WSH,PIT,,,,,,P
74711-85476,P,Jeffrey,Jeffrey Springs,Springs,7.4,5,5500,TB@CWS,TB,CWS,,,,,,P
74711-161256,P,Cooper,Cooper Criswell,Criswell,-5,1,5500,LAA@TEX,LAA,TEX,IL,Shoulder,,,,P
74711-52728,P,Michael,Michael Lorenzen,Lorenzen,46,1,5500,LAA@TEX,LAA,TEX,,,,,,P
74711-101881,P,Merrill,Merrill Kelly,Kelly,33.5,2,5500,ARI@NYM,ARI,NYM,,,,,,P
74711-161275,P,Kyle,Kyle Tyler,Tyler,8.6,5,5500,ATL@SD,SD,ATL,,,,,,P
74711-161273,P,Scott,Scott Effross,Effross,8,3,5500,CHC@COL,CHC,COL,,,,,,P
74711-95756,P,Rowan,Rowan Wick,Wick,4.666666666666667,3,5500,CHC@COL,CHC,COL,,,,,,P
74711-101904,P,Jordan,Jordan Romano,Romano,6.6,5,5500,OAK@TOR,TOR,OAK,,,,,,P
74711-71190,P,Jose,Jose Leclerc,Leclerc,,,5500,LAA@TEX,TEX,LAA,IL,Elbow,,,,P
74711-58913,P,Danny,Danny Coulombe,Coulombe,6.333333333333333,3,5500,MIN@BOS,MIN,BOS,,,,,,P
74711-5673,P,Jesse,Jesse Chavez,Chavez,0.5,2,5500,CHC@COL,CHC,COL,,,,,,P
74711-79402,P,Cionel,Cionel Perez,Perez,5.25,4,5500,NYY@BAL,BAL,NYY,,,,,,P
74711-5683,P,Oliver,Oliver Perez,Perez,3.3333333333333335,3,5500,ARI@NYM,ARI,NYM,,,,,,P
74711-71218,P,Dylan,Dylan Floro,Floro,5.205882352941177,68,5500,PHI@MIA,MIA,PHI,IL,Shoulder,,,,P
74711-140858,P,Domingo,Domingo Tapia,Tapia,5.088235294117647,34,5500,DET@KC,KC,DET,,,,,,P
74711-81488,P,Jose,Jose Ruiz,Ruiz,7,4,5500,TB@CWS,CWS,TB,,,,,,P
74711-73301,P,Brent,Brent Suter,Suter,2.6666666666666665,3,5500,STL@MIL,MIL,STL,DTD,Undisclosed,,,,P
74711-85599,P,Framber,Framber Valdez,Valdez,31.5,2,5500,HOU@SEA,HOU,SEA,,,,,,P
74711-85600,P,Ryan,Ryan Burr,Burr,5.457142857142857,35,5500,TB@CWS,CWS,TB,IL,Shoulder,,,,P
74711-81507,P,Aaron,Aaron Bummer,Bummer,7.25,4,5500,TB@CWS,CWS,TB,,,,,,P
74711-5735,P,David,David Robertson,Robertson,5,3,5500,CHC@COL,CHC,COL,,,,,,P
74711-118381,P,Kyle,Kyle Finnegan,Finnegan,5,4,5500,WSH@PIT,WSH,PIT,,,,,,P
74711-118392,P,Rony,Rony Garcia,Garcia,10,2,5500,DET@KC,DET,KC,,,,,,P
74711-118395,P,Dany,Dany Jimenez,Jimenez,8.25,4,5500,OAK@TOR,OAK,TOR,,,,,,P
74711-118394,P,Yohan,Yohan Ramirez,Ramirez,5.666666666666667,3,5500,HOU@SEA,SEA,HOU,,,,,,P
74711-52865,P,Corey,Corey Knebel,Knebel,6,3,5500,PHI@MIA,PHI,MIA,,,,,,P
74711-52873,P,Joe,Joe Ross,Ross,25.59090909090909,22,5500,WSH@PIT,WSH,PIT,IL,Elbow,,,,P
74711-110219,P,Sean,Sean Poppen,Poppen,5,4,5500,ARI@NYM,ARI,NYM,,,,,,P
74711-52877,P,Dominic,Dominic Leone,Leone,7,4,5500,SF@CLE,SF,CLE,,,,,,P
74711-52887,P,Tyler,Tyler Matzek,Matzek,4,3,5500,ATL@SD,ATL,SD,,,,,,P
74711-5784,P,David,David Price,Price,4.666666666666667,3,5500,CIN@LAD,LAD,CIN,,,,,,P
74711-163480,P,Anderson,Anderson Severino,Severino,13,1,5500,TB@CWS,CWS,TB,,,,,,P
74711-38563,P,Yimi,Yimi Garcia,Garcia,4.8,5,5500,OAK@TOR,TOR,OAK,,,,,,P
74711-155315,P,Spenser,Spenser Watkins,Watkins,9,1,5500,NYY@BAL,BAL,NYY,,,,,,P
74711-14003,P,Drew,Drew Hutchison,Hutchison,8,3,5500,DET@KC,DET,KC,,,,,,P
74711-163511,P,Yunior,Yunior Marte,Marte,3,1,5500,SF@CLE,SF,CLE,,,,,,P
74711-14006,P,Brian,Brian Moran,Moran,-5,1,5500,LAA@TEX,LAA,TEX,,,,,,P
74711-114360,P,Devin,Devin Williams,Williams,6.333333333333333,3,5500,STL@MIL,MIL,STL,,,,,,P
74711-163515,P,Elvin,Elvin Rodriguez,Rodriguez,2,1,5500,DET@KC,DET,KC,,,,,,P
74711-38596,P,Chris,Chris Martin,Martin,5.666666666666667,3,5500,CHC@COL,CHC,COL,,,,,,P
74711-81615,P,Tim,Tim Mayza,Mayza,2.75,4,5500,OAK@TOR,TOR,OAK,,,,,,P
74711-112348,P,Cody,Cody Stashak,Stashak,5.933333333333334,15,5500,MIN@BOS,MIN,BOS,IL,Biceps,,,,P
74711-14047,P,Brad,Brad Boxberger,Boxberger,7.666666666666667,3,5500,STL@MIL,MIL,STL,,,,,,P
74711-14049,P,Bryan,Bryan Shaw,Shaw,2,4,5500,SF@CLE,CLE,SF,,,,,,P
74711-147169,P,Hirokazu,Hirokazu Sawamura,Sawamura,2.6666666666666665,3,5500,MIN@BOS,BOS,MIN,,,,,,P
74711-81641,P,John,John Curtiss,Curtiss,5.2727272727272725,44,5500,ARI@NYM,NYM,ARI,IL,Elbow,,,,P
74711-81642,P,A.J.,A.J. Minter,Minter,6.5,4,5500,ATL@SD,ATL,SD,,,,,,P
74711-81644,P,Ryan,Ryan Sherriff,Sherriff,4.0625,16,5500,PHI@MIA,PHI,MIA,IL,Shoulder,,,,P
74711-52977,P,Ken,Ken Giles,Giles,,,5500,HOU@SEA,SEA,HOU,IL,Finger,,,,P
74711-52986,P,Drew,Drew VerHagen,VerHagen,14,1,5500,STL@MIL,STL,MIL,,,,,,P
74711-157433,P,Kirby,Kirby Snead,Snead,2.5,4,5500,OAK@TOR,OAK,TOR,O,Undisclosed,,,,P
74711-5885,P,Jhoulys,Jhoulys Chacin,Chacin,10.666666666666666,3,5500,CHC@COL,COL,CHC,,,,,,P
74711-52994,P,Casey,Casey Sadler,Sadler,5.186046511627907,43,5500,HOU@SEA,SEA,HOU,IL,Shoulder,,,,P
74711-52998,P,Aaron,Aaron Brooks,Brooks,7.5,2,5500,STL@MIL,STL,MIL,,,,,,P
74711-53021,P,Nick,Nick Wittgren,Wittgren,2.25,4,5500,STL@MIL,STL,MIL,,,,,,P
74711-53045,P,Scott,Scott Oberg,Oberg,,,5500,CHC@COL,COL,CHC,IL,Elbow,,,,P
74711-163654,P,Alexis,Alexis Diaz,Diaz,6.333333333333333,3,5500,CIN@LAD,CIN,LAD,,,,,,P
74711-116548,P,Tyler,Tyler Rogers,Rogers,4,5,5500,SF@CLE,SF,CLE,,,,,,P
74711-163655,P,Daniel,Daniel Duarte,Duarte,1.6666666666666667,3,5500,CIN@LAD,CIN,LAD,,,,,,P
74711-163660,P,Steven,Steven Wilson,Wilson,14,3,5500,ATL@SD,SD,ATL,,,,,,P
74711-163670,P,Cody,Cody Morris,Morris,,,5500,SF@CLE,CLE,SF,IL,Shoulder,,,,P
74711-5983,P,Rich,Rich Hill,Hill,16,1,5500,MIN@BOS,BOS,MIN,,,,,,P
74711-163682,P,Ethan,Ethan Roberts,Roberts,2.5,4,5500,CHC@COL,CHC,COL,,,,,,P
74711-163687,P,Ron,Ron Marinaccio,Marinaccio,8,2,5500,NYY@BAL,NYY,BAL,,,,,,P
74711-163685,P,JP,JP Sears,Sears,9,2,5500,NYY@BAL,NYY,BAL,,,,,,P
74711-163688,P,Collin,Collin Snider,Snider,9,4,5500,DET@KC,KC,DET,,,,,,P
74711-163699,P,Zach,Zach Logue,Logue,,,5500,OAK@TOR,OAK,TOR,,,,,,P
74711-163701,P,Felix,Felix Bautista,Bautista,7,3,5500,NYY@BAL,BAL,NYY,,,,,,P
74711-108421,P,Phillips,Phillips Valdez,Valdez,10.666666666666666,3,5500,MIN@BOS,BOS,MIN,,,,,,P
74711-102297,P,Keegan,Keegan Thompson,Thompson,19.5,2,5500,CHC@COL,CHC,COL,NA,Suspension,,,,P
74711-102300,P,Michael,Michael Rucker,Rucker,13,1,5500,CHC@COL,CHC,COL,,,,,,P
74711-157600,P,Austin,Austin Warren,Warren,8,3,5500,LAA@TEX,LAA,TEX,,,,,,P
74711-8101,P,Ian,Ian Kennedy,Kennedy,0.75,4,5500,ARI@NYM,ARI,NYM,,,,,,P
74711-6054,P,Mark,Mark Melancon,Melancon,3.75,4,5500,ARI@NYM,ARI,NYM,,,,,,P
74711-102311,P,Luis,Luis Oviedo,Oviedo,4.590909090909091,22,5500,WSH@PIT,PIT,WSH,IL,Ankle,,,,P
74711-108461,P,Pete,Pete Fairbanks,Fairbanks,5.591836734693878,49,5500,TB@CWS,TB,CWS,IL,Lat,,,,P
74711-102318,P,Ryan,Ryan Rolison,Rolison,,,5500,CHC@COL,COL,CHC,IL,Shoulder,,,,P
74711-102324,P,Konnor,Konnor Pilkington,Pilkington,6,1,5500,SF@CLE,CLE,SF,,,,,,P
74711-102332,P,Jackson,Jackson Kowar,Kowar,1,1,5500,DET@KC,KC,DET,,,,,,P
74711-102335,P,Cristian,Cristian Javier,Javier,19,2,5500,HOU@SEA,HOU,SEA,,,,,,P
74711-102334,P,Corbin,Corbin Martin,Martin,24,1,5500,ARI@NYM,ARI,NYM,,,,,,P
74711-163782,P,Robert,Robert Suarez,Suarez,4.5,4,5500,ATL@SD,SD,ATL,,,,,,P
74711-102355,P,Jorge,Jorge Alcala,Alcala,6.5,2,5500,MIN@BOS,MIN,BOS,IL,Elbow,,,,P
74711-12257,P,Adam,Adam Ottavino,Ottavino,7.25,4,5500,ARI@NYM,NYM,ARI,,,,,,P
74711-110564,P,Chris,Chris Mazza,Mazza,3,1,5500,TB@CWS,TB,CWS,,,,,,P
74711-102377,P,Trevor,Trevor Stephan,Stephan,6.6,5,5500,SF@CLE,CLE,SF,,,,,,P
74711-79848,P,Paul,Paul Sewald,Sewald,4.5,2,5500,HOU@SEA,SEA,HOU,,,,,,P
74711-102376,P,Garrett,Garrett Whitlock,Whitlock,20.666666666666668,3,5500,MIN@BOS,BOS,MIN,,,,,,P
74711-102394,P,Luis,Luis Patino,Patino,-1,1,5500,TB@CWS,TB,CWS,IL,Oblique,,,,P
74711-81917,P,Dillon,Dillon Peters,Peters,15,2,5500,WSH@PIT,PIT,WSH,,,,,,P
74711-38976,3B,Jose,Jose Ramirez,Ramirez,21.712499618530273,8,4600,SF@CLE,CLE,SF,,,,,,3B/UTIL
74711-13719,3B,Nolan,Nolan Arenado,Arenado,22.942858014787948,7,4500,STL@MIL,STL,MIL,,,,,,3B/UTIL
74711-79273,1B,Vladimir,Vladimir Guerrero Jr.,Guerrero Jr.,16.044443766276043,9,4400,OAK@TOR,TOR,OAK,,,,,,C/1B/UTIL
74711-82440,OF,Shohei,Shohei Ohtani,Ohtani,13.51111094156901,9,4300,LAA@TEX,LAA,TEX,,,,,,OF/UTIL
74711-38965,1B,C.J.,C.J. Cron,Cron,18.424999237060547,8,4200,CHC@COL,COL,CHC,,,,,,C/1B/UTIL
74711-52147,OF/3B,Kris,Kris Bryant,Bryant,10.112500190734863,8,4200,CHC@COL,COL,CHC,DTD,Quadriceps,,,,3B/OF/UTIL
74711-79282,OF,Juan,Juan Soto,Soto,12.910000610351563,10,4200,WSH@PIT,WSH,PIT,,,,,,OF/UTIL
74711-39086,OF,Byron,Byron Buxton,Buxton,13.714285714285714,7,4100,MIN@BOS,MIN,BOS,DTD,Knee,,,,OF/UTIL
74711-12933,OF,Mike,Mike Trout,Trout,10.266666836208767,9,4100,LAA@TEX,LAA,TEX,,,,,,OF/UTIL
74711-82614,1B,Pete,Pete Alonso,Alonso,13.444444444444445,9,4100,ARI@NYM,NYM,ARI,,,,,,C/1B/UTIL
74711-68585,3B,Rafael,Rafael Devers,Devers,13.712499618530273,8,4100,MIN@BOS,BOS,MIN,,,,,,3B/UTIL
74711-13929,3B,Manny,Manny Machado,Machado,13.960000610351562,10,4100,ATL@SD,SD,ATL,,,,,,3B/UTIL
74711-39151,OF,Mookie,Mookie Betts,Betts,8.89999989100865,7,4000,CIN@LAD,LAD,CIN,,,,,,OF/UTIL
74711-16983,OF,George,George Springer,Springer,12.744444105360243,9,4000,OAK@TOR,TOR,OAK,,,,,,OF/UTIL
74711-68514,3B/2B,Ryan,Ryan McMahon,McMahon,9.285714285714286,7,4000,CHC@COL,COL,CHC,,,,,,2B/3B/UTIL
74711-68587,2B,Ozzie,Ozzie Albies,Albies,13.419999694824218,10,4000,ATL@SD,ATL,SD,,,,,,2B/UTIL
74711-60672,SS,Tim,Tim Anderson,Anderson,13.966667175292969,6,4000,TB@CWS,CWS,TB,,,,,,SS/UTIL
74711-16952,SS,Francisco,Francisco Lindor,Lindor,16.233334011501736,9,3900,ARI@NYM,NYM,ARI,,,,,,SS/UTIL
74711-82575,OF,Yordan,Yordan Alvarez,Alvarez,10.100000381469727,4,3900,HOU@SEA,HOU,SEA,IL,Illness,,,,OF/UTIL
74711-12948,OF,Bryce,Bryce Harper,Harper,12.233333163791233,9,3900,PHI@MIA,PHI,MIA,,,,,,OF/UTIL
74711-82654,SS,Bo,Bo Bichette,Bichette,6.5,9,3900,OAK@TOR,TOR,OAK,,,,,,SS/UTIL
74711-82734,OF,Luis,Luis Robert,Robert,13.487500190734863,8,3900,TB@CWS,CWS,TB,,,,,,OF/UTIL
74711-52175,1B,Matt,Matt Olson,Olson,13.139999389648438,10,3900,ATL@SD,ATL,SD,,,,,,C/1B/UTIL
74711-13423,OF,Starling,Starling Marte,Marte,16.575000762939453,8,3900,ARI@NYM,NYM,ARI,,,,,,OF/UTIL
74711-60643,OF,Aaron,Aaron Judge,Judge,9.166666666666666,9,3900,NYY@BAL,NYY,BAL,,,,,,OF/UTIL
74711-79074,3B,Austin,Austin Riley,Riley,12.09000015258789,10,3900,ATL@SD,ATL,SD,,,,,,3B/UTIL
74711-21887,C,Willson,Willson Contreras,Contreras,12.866666158040365,6,3900,CHC@COL,CHC,COL,,,,,,C/1B/UTIL
74711-79756,OF,Ronald,Ronald Acuna Jr.,Acuna Jr.,14.870732005049543,82,3900,ATL@SD,ATL,SD,IL,Knee,,,,OF/UTIL
74711-12302,OF,Giancarlo,Giancarlo Stanton,Stanton,10.177777608235678,9,3800,NYY@BAL,NYY,BAL,,,,,,OF/UTIL
74711-65881,SS/2B,Trea,Trea Turner,Turner,13.3125,8,3800,CIN@LAD,LAD,CIN,,,,,,2B/SS/UTIL
74711-12968,1B,Paul,Paul Goldschmidt,Goldschmidt,8.385714394705635,7,3800,STL@MIL,STL,MIL,,,,,,C/1B/UTIL
74711-13342,OF,Nick,Nick Castellanos,Castellanos,12.444444444444445,9,3800,PHI@MIA,PHI,MIA,,,,,,OF/UTIL
74711-167012,OF,Seiya,Seiya Suzuki,Suzuki,16.899999618530273,8,3800,CHC@COL,CHC,COL,,,,,,OF/UTIL
74711-13540,OF,J.D.,J.D. Martinez,Martinez,10.5,8,3800,MIN@BOS,BOS,MIN,,,,,,OF/UTIL
74711-102621,SS,Wander,Wander Franco,Franco,11.355555216471354,9,3700,TB@CWS,TB,CWS,,,,,,SS/UTIL
74711-53994,1B,Josh,Josh Bell,Bell,14.480000305175782,10,3700,WSH@PIT,WSH,PIT,,,,,,C/1B/UTIL
74711-68522,3B,Alex,Alex Bregman,Bregman,11.037500381469727,8,3700,HOU@SEA,HOU,SEA,,,,,,3B/UTIL
74711-97257,OF,Myles,Myles Straw,Straw,15.6875,8,3700,SF@CLE,CLE,SF,,,,,,OF/UTIL
74711-11334,1B,Freddie,Freddie Freeman,Freeman,8.0625,8,3700,CIN@LAD,LAD,CIN,,,,,,C/1B/UTIL
74711-21705,2B/SS,Marcus,Marcus Semien,Semien,8.125,8,3700,LAA@TEX,TEX,LAA,,,,,,2B/SS/UTIL
74711-73023,OF,Teoscar,Teoscar Hernandez,Hernandez,10.34999974568685,6,3700,OAK@TOR,TOR,OAK,IL,Oblique,,,,OF/UTIL
74711-101910,OF,Connor,Connor Joe,Joe,15.824999809265137,8,3700,CHC@COL,COL,CHC,,,,,,OF/UTIL
74711-79401,C,Will,Will Smith,Smith,11.133333841959635,6,3700,CIN@LAD,LAD,CIN,,,,,,C/1B/UTIL
74711-12900,1B,Brandon,Brandon Belt,Belt,16.083333333333332,6,3600,SF@CLE,SF,CLE,,,,,,C/1B/UTIL
74711-12940,1B,Anthony,Anthony Rizzo,Rizzo,13.200000339084202,9,3600,NYY@BAL,NYY,BAL,,,,,,C/1B/UTIL
74711-17139,C,J.T.,J.T. Realmuto,Realmuto,9.625,8,3600,PHI@MIA,PHI,MIA,,,,,,C/1B/UTIL
74711-13239,3B/2B,Eduardo,Eduardo Escobar,Escobar,9.975000381469727,8,3600,ARI@NYM,NYM,ARI,,,,,,2B/3B/UTIL
74711-68547,OF,Tyler,Tyler O'Neill,O'Neill,11.285714285714286,7,3600,STL@MIL,STL,MIL,,,,,,OF/UTIL
74711-79125,OF,Kyle,Kyle Tucker,Tucker,7.800000190734863,8,3600,HOU@SEA,HOU,SEA,,,,,,OF/UTIL
74711-21885,SS/2B,Javier,Javier Baez,Baez,8.366666793823242,6,3600,DET@KC,DET,KC,IL,Thumb,,,,2B/SS/UTIL
74711-85504,2B/OF,Brandon,Brandon Lowe,Lowe,12.51111094156901,9,3600,TB@CWS,TB,CWS,,,,,,2B/OF/UTIL
74711-14562,2B,Jose,Jose Altuve,Altuve,7.9571429661342075,7,3500,HOU@SEA,HOU,SEA,,,,,,2B/UTIL
74711-49523,1B,Jose,Jose Abreu,Abreu,9.800000190734863,8,3500,TB@CWS,CWS,TB,,,,,,C/1B/UTIL
74711-119412,SS,Owen,Owen Miller,Miller,17.912500381469727,8,3500,SF@CLE,CLE,SF,,,,,,SS/UTIL
74711-17097,OF,Brandon,Brandon Nimmo,Nimmo,14.866666158040365,6,3500,ARI@NYM,NYM,ARI,IL,Illness,,,,OF/UTIL
74711-13188,2B/SS,Jean,Jean Segura,Segura,12.319999694824219,5,3500,PHI@MIA,PHI,MIA,DTD,Hand,,,,2B/SS/UTIL
74711-13266,C,Salvador,Salvador Perez,Perez,8.199999809265137,8,3500,DET@KC,KC,DET,,,,,,C/1B/UTIL
74711-52187,1B,Ji-Man,Ji-Man Choi,Choi,14.8125,8,3500,TB@CWS,TB,CWS,,,,,,C/1B/UTIL
74711-37982,SS,Xander,Xander Bogaerts,Bogaerts,8.47142846243722,7,3500,MIN@BOS,BOS,MIN,,,,,,SS/UTIL
74711-79093,OF,Eloy,Eloy Jimenez,Jimenez,8.700000217982701,7,3500,TB@CWS,CWS,TB,,,,,,OF/UTIL
74711-79092,2B/OF,Ian,Ian Happ,Happ,10.299999782017299,7,3500,CHC@COL,CHC,COL,,,,,,2B/OF/UTIL
74711-13567,2B/1B/3B,DJ,DJ LeMahieu,LeMahieu,8.074999809265137,8,3500,NYY@BAL,NYY,BAL,,,,,,C/1B/2B/3B/UTIL
74711-79393,SS/OF,Fernando,Fernando Tatis Jr.,Tatis Jr.,14.41769268329327,130,3500,ATL@SD,SD,ATL,IL,Wrist,,,,SS/OF/UTIL
74711-6312,3B,Justin,Justin Turner,Turner,7.537499904632568,8,3400,CIN@LAD,LAD,CIN,,,,,,3B/UTIL
74711-82527,2B/SS,Jazz,Jazz Chisholm Jr.,Chisholm Jr.,14.716667175292969,6,3400,PHI@MIA,MIA,PHI,,,,,,2B/SS/UTIL
74711-13229,OF,Charlie,Charlie Blackmon,Blackmon,6.671428680419922,7,3400,CHC@COL,COL,CHC,,,,,,OF/UTIL
74711-52176,1B/2B,Max,Max Muncy,Muncy,8.074999809265137,8,3400,CIN@LAD,LAD,CIN,,,,,,C/1B/2B/UTIL
74711-13487,OF,Tommy,Tommy Pham,Pham,4.414285659790039,7,3400,CIN@LAD,CIN,LAD,,,,,,OF/UTIL
74711-85250,1B/OF,Frank,Frank Schwindel,Schwindel,7.762499809265137,8,3400,CHC@COL,CHC,COL,,,,,,C/1B/OF/UTIL
74711-79215,1B,Rhys,Rhys Hoskins,Hoskins,11.022221883138021,9,3400,PHI@MIA,PHI,MIA,,,,,,C/1B/UTIL
74711-79216,3B,Ke'Bryan,Ke'Bryan Hayes,Hayes,10.75,8,3400,WSH@PIT,PIT,WSH,,,,,,3B/UTIL
74711-13792,OF/2B,Kike,Kike Hernandez,Hernandez,11.675000190734863,8,3400,MIN@BOS,BOS,MIN,,,,,,2B/OF/UTIL
74711-13854,OF,Robbie,Robbie Grossman,Grossman,5.149999936421712,6,3400,DET@KC,DET,KC,,,,,,OF/UTIL
74711-38614,SS,Carlos,Carlos Correa,Correa,7.471428462437221,7,3400,MIN@BOS,MIN,BOS,,,,,,SS/UTIL
74711-108450,2B/OF,Tommy,Tommy Edman,Edman,12.82857186453683,7,3400,STL@MIL,STL,MIL,,,,,,2B/OF/UTIL
74711-12970,OF,AJ,AJ Pollock,Pollock,10.850000381469727,2,3300,TB@CWS,CWS,TB,IL,Hamstring,,,,OF/UTIL
74711-68495,OF,Andrew,Andrew Benintendi,Benintendi,8.925000190734863,8,3300,DET@KC,KC,DET,,,,,,OF/UTIL
74711-52158,2B/SS,Trevor,Trevor Story,Story,4.9,5,3300,MIN@BOS,BOS,MIN,,,,,,2B/SS/UTIL
74711-52180,OF,Austin,Austin Meadows,Meadows,10.571428571428571,7,3300,DET@KC,DET,KC,,,,,,OF/UTIL
74711-79160,OF,Alex,Alex Verdugo,Verdugo,12.512499809265137,8,3300,MIN@BOS,BOS,MIN,,,,,,OF/UTIL
74711-21874,2B/SS,Jorge,Jorge Polanco,Polanco,8.912500381469727,8,3300,MIN@BOS,MIN,BOS,,,,,,2B/SS/UTIL
74711-38412,SS,Corey,Corey Seager,Seager,11.4375,8,3300,LAA@TEX,TEX,LAA,,,,,,SS/UTIL
74711-79400,OF,Dylan,Dylan Carlson,Carlson,8.857142857142858,7,3300,STL@MIL,STL,MIL,,,,,,OF/UTIL
74711-104483,1B,Jared,Jared Walsh,Walsh,10.444444444444445,9,3200,LAA@TEX,LAA,TEX,,,,,,C/1B/UTIL
74711-13099,C,Travis,Travis d'Arnaud,d'Arnaud,11.033332824707031,6,3200,ATL@SD,ATL,SD,,,,,,C/1B/UTIL
74711-52150,OF,Clint,Clint Frazier,Frazier,3.4857142312186107,7,3200,CHC@COL,CHC,COL,,,,,,OF/UTIL
74711-68544,3B,Matt,Matt Chapman,Chapman,9.044444613986546,9,3200,OAK@TOR,TOR,OAK,,,,,,3B/UTIL
74711-68582,2B/SS,Brendan,Brendan Rodgers,Rodgers,3.9857142312186107,7,3200,CHC@COL,COL,CHC,,,,,,2B/SS/UTIL
74711-13303,C,Yasmani,Yasmani Grandal,Grandal,6.283333460489909,6,3200,TB@CWS,CWS,TB,,,,,,C/1B/UTIL
74711-54307,C,Elias,Elias Diaz,Diaz,8.842857360839844,7,3200,CHC@COL,COL,CHC,,,,,,C/1B/UTIL
74711-38117,OF,Adam,Adam Duvall,Duvall,8.8,10,3200,ATL@SD,ATL,SD,,,,,,OF/UTIL
74711-79082,1B/OF,Ryan,Ryan Mountcastle,Mountcastle,6.587500095367432,8,3200,NYY@BAL,BAL,NYY,,,,,,C/1B/OF/UTIL
74711-60655,SS,Willy,Willy Adames,Adames,7.888888888888889,9,3200,STL@MIL,MIL,STL,,,,,,SS/UTIL
74711-79165,2B/SS,Gavin,Gavin Lux,Lux,12.862500190734863,8,3200,CIN@LAD,LAD,CIN,,,,,,2B/SS/UTIL
74711-79272,OF,Lourdes,Lourdes Gurriel Jr.,Gurriel Jr.,8,9,3200,OAK@TOR,TOR,OAK,,,,,,OF/UTIL
74711-118210,2B/SS/3B,Jake,Jake Cronenworth,Cronenworth,7.759999847412109,10,3200,ATL@SD,SD,ATL,,,,,,2B/3B/SS/UTIL
74711-13864,OF,Joc,Joc Pederson,Pederson,9.766666412353516,6,3200,SF@CLE,SF,CLE,,,,,,OF/UTIL
74711-13909,OF,Randal,Randal Grichuk,Grichuk,10.850000381469727,4,3200,CHC@COL,COL,CHC,DTD,Back,,,,OF/UTIL
74711-38561,2B/OF,Chris,Chris Taylor,Taylor,10.200000217982701,7,3200,CIN@LAD,LAD,CIN,,,,,,2B/OF/UTIL
74711-81622,C,Mitch,Mitch Garver,Garver,9.32857186453683,7,3200,LAA@TEX,TEX,LAA,,,,,,C/1B/UTIL
74711-102308,2B,Jonathan,Jonathan India,India,6.228571210588727,7,3200,CIN@LAD,CIN,LAD,DTD,Hamstring,,,,2B/UTIL
74711-84133,OF,Franmil,Franmil Reyes,Reyes,3.9000000953674316,8,3100,SF@CLE,CLE,SF,,,,,,OF/UTIL
74711-12919,2B/SS,Jose,Jose Iglesias,Iglesias,7.44000015258789,5,3100,CHC@COL,COL,CHC,DTD,Hamstring,,,,2B/SS/UTIL
74711-17086,OF,Marcell,Marcell Ozuna,Ozuna,11.85,10,3100,ATL@SD,ATL,SD,,,,,,OF/UTIL
74711-60631,OF/1B,Kyle,Kyle Schwarber,Schwarber,7.037499904632568,8,3100,PHI@MIA,PHI,MIA,,,,,,C/1B/OF/UTIL
74711-79110,C/1B,Tyler,Tyler Stephenson,Stephenson,10.600000381469727,8,3100,CIN@LAD,CIN,LAD,,,,,,C/1B/UTIL
74711-85260,3B,Patrick,Patrick Wisdom,Wisdom,7.550000190734863,8,3100,CHC@COL,CHC,COL,,,,,,3B/UTIL
74711-79159,OF,Cody,Cody Bellinger,Bellinger,10.662500381469727,8,3100,CIN@LAD,LAD,CIN,,,,,,OF/UTIL
74711-21853,2B/OF,Ketel,Ketel Marte,Marte,7.337500095367432,8,3100,ARI@NYM,ARI,NYM,,,,,,2B/OF/UTIL
74711-73159,OF,Mitch,Mitch Haniger,Haniger,10.637499809265137,8,3100,HOU@SEA,SEA,HOU,IL,Illness,,,,OF/UTIL
74711-5763,OF,Nelson,Nelson Cruz,Cruz,7.580000305175782,10,3100,WSH@PIT,WSH,PIT,,,,,,OF/UTIL
74711-163666,OF,Steven,Steven Kwan,Kwan,13.987500190734863,8,3100,SF@CLE,CLE,SF,,,,,,OF/UTIL
74711-12113,3B,Josh,Josh Donaldson,Donaldson,7.922222561306423,9,3100,NYY@BAL,NYY,BAL,,,,,,3B/UTIL
74711-135203,1B,Spencer,Spencer Torkelson,Torkelson,9.700000339084202,9,3000,DET@KC,DET,KC,,,,,,C/1B/UTIL
74711-16951,3B,Anthony,Anthony Rendon,Rendon,8.487500190734863,8,3000,LAA@TEX,LAA,TEX,,,,,,3B/UTIL
74711-82536,OF,Cedric,Cedric Mullins,Mullins,11.050000190734863,8,3000,NYY@BAL,BAL,NYY,,,,,,OF/UTIL
74711-119495,1B/OF,Andrew,Andrew Vaughn,Vaughn,11.657142639160156,7,3000,TB@CWS,CWS,TB,,,,,,C/1B/OF/UTIL
74711-82644,OF,Jesus,Jesus Sanchez,Sanchez,14.285714285714286,7,3000,PHI@MIA,MIA,PHI,,,,,,OF/UTIL
74711-70562,2B/OF,Whit,Whit Merrifield,Merrifield,5.375,8,3000,DET@KC,KC,DET,,,,,,2B/OF/UTIL
74711-21609,OF,Christian,Christian Yelich,Yelich,7.699999809265137,8,3000,STL@MIL,MIL,STL,,,,,,OF/UTIL
74711-13430,3B/2B/SS,Jonathan,Jonathan Villar,Villar,13.160000610351563,5,3000,CHC@COL,CHC,COL,,,,,,2B/3B/SS/UTIL
74711-21633,3B/SS,Eugenio,Eugenio Suarez,Suarez,10.125,8,3000,HOU@SEA,SEA,HOU,,,,,,3B/SS/UTIL
74711-83143,OF,Oscar,Oscar Mercado,Mercado,11.912500381469727,8,3000,SF@CLE,CLE,SF,,,,,,OF/UTIL
74711-85254,C,Joey,Joey Bart,Bart,11.971429007393974,7,3000,SF@CLE,SF,CLE,,,,,,C/1B/UTIL
74711-5488,1B,Joey,Joey Votto,Votto,5.511110941569011,9,3000,CIN@LAD,CIN,LAD,,,,,,C/1B/UTIL
74711-85520,OF,Adolis,Adolis Garcia,Garcia,8.9375,8,3000,LAA@TEX,TEX,LAA,,,,,,OF/UTIL
74711-102301,2B/SS/3B,Nico,Nico Hoerner,Hoerner,5.425000190734863,8,3000,CHC@COL,CHC,COL,,,,,,2B/3B/SS/UTIL
74711-102322,2B,Nick,Nick Madrigal,Madrigal,5.599999745686849,6,3000,CHC@COL,CHC,COL,,,,,,2B/UTIL
74711-24529,OF,Rafael,Rafael Ortega,Ortega,4.237500190734863,8,3000,CHC@COL,CHC,COL,,,,,,OF/UTIL
74711-38872,OF,Jesse,Jesse Winker,Winker,6.488889058430989,9,3000,HOU@SEA,SEA,HOU,,,,,,OF/UTIL
74711-61553,3B,Yoan,Yoan Moncada,Moncada,9.552026697107264,148,2900,TB@CWS,CWS,TB,IL,Oblique,,,,3B/UTIL
74711-16947,2B/1B,Jonathan,Jonathan Schoop,Schoop,5.5444446139865455,9,2900,DET@KC,DET,KC,,,,,,C/1B/2B/UTIL
74711-82581,OF,Michael,Michael Hermosillo,Hermosillo,2.4,5,2900,CHC@COL,CHC,COL,,,,,,OF/UTIL
74711-70435,OF,Ben,Ben Gamel,Gamel,9.399999618530273,8,2900,WSH@PIT,PIT,WSH,,,,,,OF/UTIL
74711-80838,1B,Luke,Luke Voit,Voit,8.4,10,2900,ATL@SD,SD,ATL,,,,,,C/1B/UTIL
74711-21666,OF,Mark,Mark Canha,Canha,9.316666920979818,6,2900,ARI@NYM,NYM,ARI,IL,Illness,,,,OF/UTIL
74711-85285,1B,Nathaniel,Nathaniel Lowe,Lowe,9.425000190734863,8,2900,LAA@TEX,TEX,LAA,,,,,,C/1B/UTIL
74711-85307,2B/OF,Jeff,Jeff McNeil,McNeil,10.100000381469727,8,2900,ARI@NYM,NYM,ARI,,,,,,2B/OF/UTIL
74711-118120,C,Jonah,Jonah Heim,Heim,22.299999237060547,4,2900,LAA@TEX,TEX,LAA,,,,,,C/1B/UTIL
74711-21875,OF,Max,Max Kepler,Kepler,7.737500190734863,8,2900,MIN@BOS,MIN,BOS,,,,,,OF/UTIL
74711-79230,OF,Bryan,Bryan Reynolds,Reynolds,8.887499809265137,8,2900,WSH@PIT,PIT,WSH,,,,,,OF/UTIL
74711-101842,1B/2B,Ty,Ty France,France,10.044444613986546,9,2900,HOU@SEA,SEA,HOU,,,,,,C/1B/2B/UTIL
74711-79884,OF,Anthony,Anthony Santander,Santander,8.337499618530273,8,2800,NYY@BAL,BAL,NYY,,,,,,OF/UTIL
74711-6273,OF,Michael,Michael Brantley,Brantley,7.057143075125558,7,2800,HOU@SEA,HOU,SEA,,,,,,OF/UTIL
74711-104629,SS,Jack,Jack Mayfield,Mayfield,13.149999618530273,4,2800,LAA@TEX,LAA,TEX,,,,,,SS/UTIL
74711-119349,SS/3B,Bobby,Bobby Witt Jr.,Witt Jr.,7.412499904632568,8,2800,DET@KC,KC,DET,,,,,,3B/SS/UTIL
74711-21074,OF,Michael A.,Michael A. Taylor,Taylor,7.037499904632568,8,2800,DET@KC,KC,DET,,,,,,OF/UTIL
74711-12928,1B,Eric,Eric Hosmer,Hosmer,8.899999830457899,9,2800,ATL@SD,SD,ATL,,,,,,C/1B/UTIL
74711-82593,C,Keibert,Keibert Ruiz,Ruiz,5.425000190734863,8,2800,WSH@PIT,WSH,PIT,,,,,,C/1B/UTIL
74711-82613,2B/SS,Thairo,Thairo Estrada,Estrada,9.425000190734863,8,2800,SF@CLE,SF,CLE,,,,,,2B/SS/UTIL
74711-12985,OF,Avisail,Avisail Garcia,Garcia,5.7000002179827005,7,2800,PHI@MIA,MIA,PHI,,,,,,OF/UTIL
74711-17167,1B/OF,Brad,Brad Miller,Miller,12.050000508626303,6,2800,LAA@TEX,TEX,LAA,DTD,Back,,,,C/1B/OF/UTIL
74711-54068,OF,Hunter,Hunter Renfroe,Renfroe,5.1333334181043835,9,2800,STL@MIL,MIL,STL,,,,,,OF/UTIL
74711-11129,OF,Jason,Jason Heyward,Heyward,7.183333079020183,6,2800,CHC@COL,CHC,COL,,,,,,OF/UTIL
74711-68478,2B/OF,Chad,Chad Pinder,Pinder,10.466666327582466,9,2800,OAK@TOR,OAK,TOR,,,,,,2B/OF/UTIL
74711-52164,2B/SS,Adalberto,Adalberto Mondesi,Mondesi,6.137499809265137,8,2800,DET@KC,KC,DET,,,,,,2B/SS/UTIL
74711-13262,2B/OF,Jurickson,Jurickson Profar,Profar,12.233333163791233,9,2800,ATL@SD,SD,ATL,,,,,,2B/OF/UTIL
74711-52179,SS,J.P.,J.P. Crawford,Crawford,9.833333333333334,9,2800,HOU@SEA,SEA,HOU,,,,,,SS/UTIL
74711-13436,C,Max,Max Stassi,Stassi,10.516666412353516,6,2800,LAA@TEX,LAA,TEX,,,,,,C/1B/UTIL
74711-38112,3B/SS,Gio,Gio Urshela,Urshela,5.7999997820172995,7,2800,MIN@BOS,MIN,BOS,,,,,,3B/SS/UTIL
74711-109803,C,Austin,Austin Nola,Nola,10.25,8,2800,ATL@SD,SD,ATL,,,,,,C/1B/UTIL
74711-5359,SS,Elvis,Elvis Andrus,Andrus,10.98888905843099,9,2800,OAK@TOR,OAK,TOR,,,,,,SS/UTIL
74711-70898,2B,Adam,Adam Frazier,Frazier,8.422222561306423,9,2800,HOU@SEA,SEA,HOU,,,,,,2B/UTIL
74711-85261,OF,Randy,Randy Arozarena,Arozarena,3.8375000953674316,8,2800,TB@CWS,TB,CWS,,,,,,OF/UTIL
74711-5456,OF,Andrew,Andrew McCutchen,McCutchen,7.600000169542101,9,2800,STL@MIL,MIL,STL,,,,,,OF/UTIL
74711-79249,OF,Harrison,Harrison Bader,Bader,8.39999989100865,7,2800,STL@MIL,STL,MIL,,,,,,OF/UTIL
74711-38319,OF,Odubel,Odubel Herrera,Herrera,8.669106088033537,123,2800,PHI@MIA,PHI,MIA,IL,Oblique,,,,OF/UTIL
74711-101827,3B/2B,Luis,Luis Arraez,Arraez,8.914285932268415,7,2800,MIN@BOS,MIN,BOS,,,,,,2B/3B/UTIL
74711-118408,3B/OF,Yoshi,Yoshi Tsutsugo,Tsutsugo,7.037499904632568,8,2800,WSH@PIT,PIT,WSH,,,,,,3B/OF/UTIL
74711-14000,OF,Darin,Darin Ruf,Ruf,6.887499809265137,8,2800,SF@CLE,SF,CLE,,,,,,OF/UTIL
74711-71507,1B,Yuli,Yuli Gurriel,Gurriel,4.840000152587891,5,2800,HOU@SEA,HOU,SEA,,,,,,C/1B/UTIL
74711-16945,C,Gary,Gary Sanchez,Sanchez,10.116666793823242,6,2700,MIN@BOS,MIN,BOS,,,,,,C/1B/UTIL
74711-23107,OF,Jorge,Jorge Soler,Soler,6.925000190734863,8,2700,PHI@MIA,MIA,PHI,,,,,,OF/UTIL
74711-12931,OF,Wil,Wil Myers,Myers,5.862500190734863,8,2700,ATL@SD,SD,ATL,DTD,Thumb,,,,OF/UTIL
74711-82570,3B,Jake,Jake Burger,Burger,11.319999694824219,5,2700,TB@CWS,CWS,TB,,,,,,3B/UTIL
74711-12961,SS,Brandon,Brandon Crawford,Crawford,5.7000002179827005,7,2700,SF@CLE,SF,CLE,,,,,,SS/UTIL
74711-82620,2B/OF,Nick,Nick Solak,Solak,9.9,5,2700,LAA@TEX,TEX,LAA,,,,,,2B/OF/UTIL
74711-13034,SS/3B,Charlie,Charlie Culberson,Culberson,13.866666158040365,3,2700,LAA@TEX,TEX,LAA,,,,,,3B/SS/UTIL
74711-68471,2B/OF,Tony,Tony Kemp,Kemp,6.599999904632568,8,2700,OAK@TOR,OAK,TOR,,,,,,2B/OF/UTIL
74711-52178,3B,Maikel,Maikel Franco,Franco,8.240000152587891,10,2700,WSH@PIT,WSH,PIT,,,,,,3B/UTIL
74711-68589,SS/OF,Amed,Amed Rosario,Rosario,8.199999809265137,8,2700,SF@CLE,CLE,SF,,,,,,SS/OF/UTIL
74711-5118,1B,Miguel,Miguel Cabrera,Cabrera,6.566666497124566,9,2700,DET@KC,DET,KC,,,,,,C/1B/UTIL
74711-13354,2B,Cesar,Cesar Hernandez,Hernandez,6.759999847412109,10,2700,WSH@PIT,WSH,PIT,,,,,,2B/UTIL
74711-54401,OF,Manuel,Manuel Margot,Margot,7.600000108991351,7,2700,TB@CWS,TB,CWS,,,,,,OF/UTIL
74711-81046,1B/OF,Garrett,Garrett Cooper,Cooper,7.699999809265137,8,2700,PHI@MIA,MIA,PHI,DTD,Elbow,,,,C/1B/OF/UTIL
74711-83155,OF,Ramon,Ramon Laureano,Laureano,10.307954268022018,88,2700,OAK@TOR,OAK,TOR,NA,Suspension,,,,OF/UTIL
74711-79087,1B/2B,Michael,Michael Chavis,Chavis,13.180000305175781,5,2700,WSH@PIT,PIT,WSH,,,,,,C/1B/2B/UTIL
74711-79218,2B/SS,Kevin,Kevin Newman,Newman,9.950000127156576,6,2700,WSH@PIT,PIT,WSH,DTD,Groin,,,,2B/SS/UTIL
74711-79225,3B/2B/SS,Luis,Luis Urias,Urias,9.45099321580091,151,2700,STL@MIL,MIL,STL,IL,Quadriceps,,,,2B/3B/SS/UTIL
74711-38282,1B,Daniel,Daniel Vogelbach,Vogelbach,8.799999872843424,6,2700,WSH@PIT,PIT,WSH,,,,,,C/1B/UTIL
74711-38293,OF,Tyler,Tyler Naquin,Naquin,10.475000381469727,8,2700,CIN@LAD,CIN,LAD,,,,,,OF/UTIL
74711-38321,OF,Joey,Joey Gallo,Gallo,3.3333333333333335,9,2700,NYY@BAL,NYY,BAL,,,,,,OF/UTIL
74711-53033,OF,Mike,Mike Yastrzemski,Yastrzemski,4.814285823277065,7,2700,SF@CLE,SF,CLE,,,,,,OF/UTIL
74711-6029,1B/2B,Jed,Jed Lowrie,Lowrie,10.966667175292969,6,2700,OAK@TOR,OAK,TOR,,,,,,C/1B/2B/UTIL
74711-102370,1B/3B,Alec,Alec Bohm,Bohm,8.514285496303014,7,2700,PHI@MIA,PHI,MIA,,,,,,C/1B/3B/UTIL
74711-135224,OF,Yadiel,Yadiel Hernandez,Hernandez,7.557143075125558,7,2600,WSH@PIT,WSH,PIT,,,,,,OF/UTIL
74711-73832,3B/SS,Joey,Joey Wendle,Wendle,7.514285496303013,7,2600,PHI@MIA,MIA,PHI,,,,,,3B/SS/UTIL
74711-119345,SS,Jeremy,Jeremy Pena,Pena,10.375,8,2600,HOU@SEA,HOU,SEA,,,,,,SS/UTIL
74711-16948,2B,Kolten,Kolten Wong,Wong,6.511110941569011,9,2600,STL@MIL,MIL,STL,,,,,,2B/UTIL
74711-80462,SS,Paul,Paul DeJong,DeJong,7.100000108991351,7,2600,STL@MIL,STL,MIL,,,,,,SS/UTIL
74711-119405,3B/SS,Bryson,Bryson Stott,Stott,4.528571537562779,7,2600,PHI@MIA,PHI,MIA,,,,,,3B/SS/UTIL
74711-82563,2B/OF,Garrett,Garrett Hampson,Hampson,7.133333206176758,3,2600,CHC@COL,COL,CHC,,,,,,2B/OF/UTIL
74711-82624,C,Sean,Sean Murphy,Murphy,12.855555216471354,9,2600,OAK@TOR,OAK,TOR,,,,,,C/1B/UTIL
74711-68525,3B/OF,J.D.,J.D. Davis,Davis,4.8799999237060545,5,2600,ARI@NYM,NYM,ARI,,,,,,3B/OF/UTIL
74711-68586,SS,Dansby,Dansby Swanson,Swanson,5.8599998474121096,10,2600,ATL@SD,ATL,SD,,,,,,SS/UTIL
74711-21637,OF,Jackie,Jackie Bradley Jr.,Bradley Jr.,5.112500190734863,8,2600,MIN@BOS,BOS,MIN,,,,,,OF/UTIL
74711-85249,1B,Bobby,Bobby Dalbec,Dalbec,6.585714067731585,7,2600,MIN@BOS,BOS,MIN,,,,,,C/1B/UTIL
74711-5390,2B,Robinson,Robinson Cano,Cano,7.849999745686849,6,2600,ARI@NYM,NYM,ARI,,,,,,2B/UTIL
74711-79154,OF,Brandon,Brandon Marsh,Marsh,11.32857186453683,7,2600,LAA@TEX,LAA,TEX,,,,,,OF/UTIL
74711-79175,OF,Trent,Trent Grisham,Grisham,5.19000015258789,10,2600,ATL@SD,SD,ATL,,,,,,OF/UTIL
74711-71182,1B/3B,Jeimer,Jeimer Candelario,Candelario,5.177777608235677,9,2600,DET@KC,DET,KC,,,,,,C/1B/3B/UTIL
74711-163704,OF,Cooper,Cooper Hummel,Hummel,8.414285932268415,7,2600,ARI@NYM,ARI,NYM,,,,,,OF/UTIL
74711-102331,2B/SS,Nicky,Nicky Lopez,Lopez,5.387499809265137,8,2600,DET@KC,KC,DET,,,,,,2B/SS/UTIL
74711-81953,OF,Austin,Austin Hays,Hays,6.449999809265137,8,2500,NYY@BAL,BAL,NYY,,,,,,OF/UTIL
74711-135288,SS,Alan,Alan Trejo,Trejo,20.950000762939453,2,2500,CHC@COL,COL,CHC,,,,,,SS/UTIL
74711-135314,SS,Ernie,Ernie Clement,Clement,8.05999984741211,5,2500,SF@CLE,CLE,SF,,,,,,SS/UTIL
74711-53401,1B,Trey,Trey Mancini,Mancini,4.9375,8,2500,NYY@BAL,BAL,NYY,,,,,,C/1B/UTIL
74711-53586,OF,David,David Peralta,Peralta,6.900000095367432,8,2500,ARI@NYM,ARI,NYM,,,,,,OF/UTIL
74711-16950,1B,Miguel,Miguel Sano,Sano,6.150000095367432,8,2500,MIN@BOS,MIN,BOS,,,,,,C/1B/UTIL
74711-16981,C,Yan,Yan Gomes,Gomes,9.100000381469727,2,2500,CHC@COL,CHC,COL,,,,,,C/1B/UTIL
74711-17014,SS,Andrelton,Andrelton Simmons,Simmons,5.167175758885973,131,2500,CHC@COL,CHC,COL,IL,Shoulder,,,,SS/UTIL
74711-82580,OF,Jo,Jo Adell,Adell,6.987500190734863,8,2500,LAA@TEX,LAA,TEX,,,,,,OF/UTIL
74711-119444,C,Alejandro,Alejandro Kirk,Kirk,3.4375,8,2500,OAK@TOR,TOR,OAK,,,,,,C/1B/UTIL
74711-113309,2B/SS,Josh,Josh Rojas,Rojas,8.631655027540468,139,2500,ARI@NYM,ARI,NYM,IL,Oblique,,,,2B/SS/UTIL
74711-21172,3B/OF,Brandon,Brandon Drury,Drury,8.057143075125557,7,2500,CIN@LAD,CIN,LAD,,,,,,3B/OF/UTIL
74711-146160,2B/SS,Ha-Seong,Ha-Seong Kim,Kim,8.783333460489908,6,2500,ATL@SD,SD,ATL,,,,,,2B/SS/UTIL
74711-17171,C,James,James McCann,McCann,4.649999936421712,6,2500,ARI@NYM,NYM,ARI,,,,,,C/1B/UTIL
74711-52157,C,Tom,Tom Murphy,Murphy,13.175000190734863,4,2500,HOU@SEA,SEA,HOU,,,,,,C/1B/UTIL
74711-52162,3B/OF,Hunter,Hunter Dozier,Dozier,9.728571210588727,7,2500,DET@KC,KC,DET,,,,,,3B/OF/UTIL
74711-68593,2B/SS,Jorge,Jorge Mateo,Mateo,7.324999809265137,8,2500,NYY@BAL,BAL,NYY,,,,,,2B/SS/UTIL
74711-5177,1B,Albert,Albert Pujols,Pujols,11.300000508626303,3,2500,STL@MIL,STL,MIL,,,,,,C/1B/UTIL
74711-83051,3B/SS,David,David Bote,Bote,6.181052760074013,95,2500,CHC@COL,CHC,COL,IL,Shoulder,,,,3B/SS/UTIL
74711-60635,OF,Raimel,Raimel Tapia,Tapia,4.600000063578288,6,2500,OAK@TOR,TOR,OAK,,,,,,OF/UTIL
74711-83182,C/OF,Eric,Eric Haase,Haase,5.824999809265137,8,2500,DET@KC,DET,KC,,,,,,C/1B/OF/UTIL
74711-83195,OF,Yonathan,Yonathan Daza,Daza,3,4,2500,CHC@COL,COL,CHC,,,,,,OF/UTIL
74711-79120,1B/3B,Yandy,Yandy Diaz,Diaz,5.762499809265137,8,2500,TB@CWS,TB,CWS,,,,,,C/1B/3B/UTIL
74711-13638,2B/3B,Wilmer,Wilmer Flores,Flores,8.514285496303014,7,2500,SF@CLE,SF,CLE,,,,,,2B/3B/UTIL
74711-38223,OF,Travis,Travis Jankowski,Jankowski,8.300000190734863,4,2500,ARI@NYM,NYM,ARI,,,,,,OF/UTIL
74711-79257,OF,Josh,Josh Lowe,Lowe,5.387499809265137,8,2500,TB@CWS,TB,CWS,,,,,,OF/UTIL
74711-101811,OF,Sam,Sam Hilliard,Hilliard,5.679999923706054,5,2500,CHC@COL,COL,CHC,,,,,,OF/UTIL
74711-5607,3B,Evan,Evan Longoria,Longoria,9.417442144349565,86,2500,SF@CLE,SF,CLE,IL,Finger,,,,3B/UTIL
74711-161274,1B,Alfonso,Alfonso Rivas,Rivas,6.349999904632568,2,2500,CHC@COL,CHC,COL,,,,,,C/1B/UTIL
74711-13858,C,Christian,Christian Vazquez,Vazquez,3.116666793823242,6,2500,MIN@BOS,BOS,MIN,,,,,,C/1B/UTIL
74711-13894,OF,Aaron,Aaron Hicks,Hicks,6.822222391764323,9,2500,NYY@BAL,NYY,BAL,,,,,,OF/UTIL
74711-81511,2B/SS,Kyle,Kyle Farmer,Farmer,9.033333672417534,9,2500,CIN@LAD,CIN,LAD,,,,,,2B/SS/UTIL
74711-116450,1B/OF,Seth,Seth Brown,Brown,9.200000339084202,9,2500,OAK@TOR,OAK,TOR,,,,,,C/1B/OF/UTIL
74711-79776,C,Dom,Dom Nunez,Nunez,4.233333269755046,3,2500,CHC@COL,COL,CHC,,,,,,C/1B/UTIL
74711-102337,OF,Seth,Seth Beer,Beer,9.87142835344587,7,2500,ARI@NYM,ARI,NYM,,,,,,OF/UTIL
74711-102389,SS,Oneil,Oneil Cruz,Cruz,17.450000762939453,2,2500,WSH@PIT,PIT,WSH,,,,,,SS/UTIL
74711-12310,1B,Carlos,Carlos Santana,Santana,4.237500190734863,8,2400,DET@KC,KC,DET,,,,,,C/1B/UTIL
74711-102438,SS,Geraldo,Geraldo Perdomo,Perdomo,5.171428680419922,7,2400,ARI@NYM,ARI,NYM,,,,,,SS/UTIL
74711-135216,OF,Chas,Chas McCormick,McCormick,5.242857251848493,7,2400,HOU@SEA,HOU,SEA,,,,,,OF/UTIL
74711-102577,SS/2B,Santiago,Santiago Espinal,Espinal,6.877777947319879,9,2400,OAK@TOR,TOR,OAK,,,,,,2B/SS/UTIL
74711-102591,OF,Jake,Jake Fraley,Fraley,7.412499904632568,8,2400,CIN@LAD,CIN,LAD,,,,,,OF/UTIL
74711-82533,OF/C,Daulton,Daulton Varsho,Varsho,6.862500190734863,8,2400,ARI@NYM,ARI,NYM,,,,,,C/1B/OF/UTIL
74711-119410,SS,C.J.,C.J. Abrams,Abrams,5.387499809265137,8,2400,ATL@SD,SD,ATL,,,,,,SS/UTIL
74711-82566,1B,Tyler,Tyler Nevin,Nevin,9.84999974568685,6,2400,NYY@BAL,BAL,NYY,,,,,,C/1B/UTIL
74711-82617,2B/SS,Andres,Andres Gimenez,Gimenez,6.271428789411273,7,2400,SF@CLE,CLE,SF,,,,,,2B/SS/UTIL
74711-154422,OF,Matt,Matt Vierling,Vierling,3.8777779473198786,9,2400,PHI@MIA,PHI,MIA,,,,,,OF/UTIL
74711-68531,3B,Brian,Brian Anderson,Anderson,4.533333460489909,6,2400,PHI@MIA,MIA,PHI,,,,,,3B/UTIL
74711-52168,1B/3B,Colin,Colin Moran,Moran,4.233333269755046,3,2400,CIN@LAD,CIN,LAD,,,,,,C/1B/3B/UTIL
74711-68588,SS/2B,Gleyber,Gleyber Torres,Torres,5.466666751437717,9,2400,NYY@BAL,NYY,BAL,,,,,,2B/SS/UTIL
74711-70665,C,Jacob,Jacob Stallings,Stallings,5.112500190734863,8,2400,PHI@MIA,MIA,PHI,,,,,,C/1B/UTIL
74711-82977,3B/SS,Isiah,Isiah Kiner-Falefa,Kiner-Falefa,4.974999904632568,8,2400,NYY@BAL,NYY,BAL,,,,,,3B/SS/UTIL
74711-21573,OF/3B,Jace,Jace Peterson,Peterson,4.314285823277065,7,2400,STL@MIL,MIL,STL,,,,,,3B/OF/UTIL
74711-38040,OF,Eddie,Eddie Rosario,Rosario,2.674999952316284,8,2400,ATL@SD,ATL,SD,,,,,,OF/UTIL
74711-83186,OF,Aristides,Aristides Aquino,Aquino,4.942856924874442,7,2400,CIN@LAD,CIN,LAD,,,,,,OF/UTIL
74711-79113,C,Francisco,Francisco Mejia,Mejia,9.580000305175782,5,2400,TB@CWS,TB,CWS,,,,,,C/1B/UTIL
74711-79151,3B,Taylor,Taylor Ward,Ward,33.70000076293945,1,2400,LAA@TEX,LAA,TEX,,,,,,3B/UTIL
74711-79170,OF,Willie,Willie Calhoun,Calhoun,6.585714067731585,7,2400,LAA@TEX,TEX,LAA,,,,,,OF/UTIL
74711-38218,1B,Christian,Christian Walker,Walker,7.324999809265137,8,2400,ARI@NYM,ARI,NYM,,,,,,C/1B/UTIL
74711-21890,SS/3B/2B,Orlando,Orlando Arcia,Arcia,8.800000190734863,4,2400,ATL@SD,ATL,SD,,,,,,2B/3B/SS/UTIL
74711-79238,OF,Steven,Steven Duggar,Duggar,7.528571537562779,7,2400,SF@CLE,SF,CLE,,,,,,OF/UTIL
74711-79267,3B/2B,Andy,Andy Ibanez,Ibanez,6.262499809265137,8,2400,LAA@TEX,TEX,LAA,,,,,,2B/3B/UTIL
74711-79277,1B,Rowdy,Rowdy Tellez,Tellez,9.375,8,2400,STL@MIL,MIL,STL,,,,,,C/1B/UTIL
74711-52878,OF,Billy,Billy McKinney,McKinney,4.675000190734863,8,2400,OAK@TOR,OAK,TOR,,,,,,OF/UTIL
74711-102398,OF,Jarred,Jarred Kelenic,Kelenic,6.587500095367432,8,2400,HOU@SEA,SEA,HOU,,,,,,OF/UTIL
74711-102418,2B/OF,Eli,Eli White,White,2.4399999618530273,5,2300,LAA@TEX,TEX,LAA,,,,,,2B/OF/UTIL
74711-12434,OF,Lorenzo,Lorenzo Cain,Cain,3.7000001271565757,6,2300,STL@MIL,MIL,STL,,,,,,OF/UTIL
74711-102554,C,Cal,Cal Raleigh,Raleigh,6.1400001525878904,5,2300,HOU@SEA,SEA,HOU,,,,,,C/1B/UTIL
74711-119368,C,Ryan,Ryan Jeffers,Jeffers,2.5,6,2300,MIN@BOS,MIN,BOS,,,,,,C/1B/UTIL
74711-53844,3B/2B,Matt,Matt Duffy,Duffy,3.5,6,2300,LAA@TEX,LAA,TEX,,,,,,2B/3B/UTIL
74711-82530,1B/OF,Pavin,Pavin Smith,Smith,3.914285659790039,7,2300,ARI@NYM,ARI,NYM,,,,,,C/1B/OF/UTIL
74711-82569,1B,Gavin,Gavin Sheets,Sheets,3.049999952316284,4,2300,TB@CWS,CWS,TB,,,,,,C/1B/UTIL
74711-21165,C,Roberto,Roberto Perez,Perez,6.683333079020183,6,2300,WSH@PIT,PIT,WSH,DTD,Quadriceps,,,,C/1B/UTIL
74711-82611,OF,Akil,Akil Baddoo,Baddoo,3.4625000953674316,8,2300,DET@KC,DET,KC,,,,,,OF/UTIL
74711-13304,C,Tucker,Tucker Barnhart,Barnhart,2,6,2300,DET@KC,DET,KC,,,,,,C/1B/UTIL
74711-156707,2B,Hoy,Hoy Park,Park,4.800000190734863,4,2300,WSH@PIT,PIT,WSH,,,,,,2B/UTIL
74711-13422,OF,Jake,Jake Marisnick,Marisnick,5.149999936421712,6,2300,WSH@PIT,PIT,WSH,,,,,,OF/UTIL
74711-38016,1B,Jesus,Jesus Aguilar,Aguilar,4.5,7,2300,PHI@MIA,MIA,PHI,,,,,,C/1B/UTIL
74711-5445,SS/3B,Alcides,Alcides Escobar,Escobar,4.987500190734863,8,2300,WSH@PIT,WSH,PIT,,,,,,3B/SS/UTIL
74711-79188,OF,Alex,Alex Kirilloff,Kirilloff,1.0333333015441895,6,2300,MIN@BOS,MIN,BOS,IL,Wrist,,,,OF/UTIL
74711-79219,SS,Cole,Cole Tucker,Tucker,4.583333333333333,6,2300,WSH@PIT,PIT,WSH,,,,,,SS/UTIL
74711-101787,OF,LaMonte,LaMonte Wade Jr.,Wade Jr.,8.838596277069627,114,2300,SF@CLE,SF,CLE,IL,Knee,,,,OF/UTIL
74711-101844,OF,Lane,Lane Thomas,Thomas,5.6333334181043835,9,2300,WSH@PIT,WSH,PIT,,,,,,OF/UTIL
74711-101850,3B,Ramon,Ramon Urias,Urias,4.612500190734863,8,2300,NYY@BAL,BAL,NYY,,,,,,3B/UTIL
74711-13841,SS,Didi,Didi Gregorius,Gregorius,6.175000190734863,8,2300,PHI@MIA,PHI,MIA,,,,,,SS/UTIL
74711-163510,3B,Diego,Diego Castillo,Castillo,6.183333079020183,6,2300,WSH@PIT,PIT,WSH,,,,,,3B/UTIL
74711-102285,OF,Cristian,Cristian Pache,Pache,7.333333333333333,9,2300,OAK@TOR,OAK,TOR,,,,,,OF/UTIL
74711-102362,OF,Trevor,Trevor Larnach,Larnach,7.233333587646484,3,2300,MIN@BOS,MIN,BOS,,,,,,OF/UTIL
74711-102400,OF,Julio,Julio Rodriguez,Rodriguez,4.925000190734863,8,2200,HOU@SEA,SEA,HOU,,,,,,OF/UTIL
74711-79896,C,Luis,Luis Torrens,Torrens,4.066666603088379,3,2200,HOU@SEA,SEA,HOU,,,,,,C/1B/UTIL
74711-38952,OF,Alex,Alex Dickerson,Dickerson,1.5,6,2200,ATL@SD,ATL,SD,,,,,,OF/UTIL
74711-79918,C,Kyle,Kyle Higashioka,Higashioka,1.7428571156093053,7,2200,NYY@BAL,NYY,BAL,,,,,,C/1B/UTIL
74711-82414,OF,Victor,Victor Reyes,Reyes,4.5,7,2200,DET@KC,DET,KC,,,,,,OF/UTIL
74711-53757,2B,Rob,Rob Refsnyder,Refsnyder,6.02352965111826,51,2200,MIN@BOS,BOS,MIN,,,,,,2B/UTIL
74711-80485,OF,Austin,Austin Slater,Slater,4.414285659790039,7,2200,SF@CLE,SF,CLE,,,,,,OF/UTIL
74711-82605,1B/2B,Keston,Keston Hiura,Hiura,4.240000152587891,5,2200,STL@MIL,MIL,STL,,,,,,C/1B/2B/UTIL
74711-12988,C,Robinson,Robinson Chirinos,Chirinos,3.4571429661342075,7,2200,NYY@BAL,BAL,NYY,,,,,,C/1B/UTIL
74711-82655,C,Danny,Danny Jansen,Jansen,17.53333282470703,3,2200,OAK@TOR,TOR,OAK,IL,Oblique,,,,C/1B/UTIL
74711-53993,OF,Harold,Harold Ramirez,Ramirez,5.733333587646484,6,2200,TB@CWS,TB,CWS,,,,,,OF/UTIL
74711-17198,2B/3B,Tommy,Tommy La Stella,La Stella,6.418518819926698,81,2200,SF@CLE,SF,CLE,IL,Achilles,,,,2B/3B/UTIL
74711-13253,C,Martin,Martin Maldonado,Maldonado,7.349999745686849,6,2200,HOU@SEA,HOU,SEA,,,,,,C/1B/UTIL
74711-52170,1B/OF,Dominic,Dominic Smith,Smith,3.0714285714285716,7,2200,ARI@NYM,NYM,ARI,,,,,,C/1B/OF/UTIL
74711-68563,OF,Victor,Victor Robles,Robles,1.587499976158142,8,2200,WSH@PIT,WSH,PIT,,,,,,OF/UTIL
74711-11322,2B/3B,Mike,Mike Moustakas,Moustakas,2.737499952316284,8,2200,CIN@LAD,CIN,LAD,,,,,,2B/3B/UTIL
74711-5181,C,Yadier,Yadier Molina,Molina,1.5,4,2200,STL@MIL,STL,MIL,,,,,,C/1B/UTIL
74711-13390,SS,Miguel,Miguel Rojas,Rojas,3.049999952316284,8,2200,PHI@MIA,MIA,PHI,,,,,,SS/UTIL
74711-21584,2B,Rougned,Rougned Odor,Odor,2.25,8,2200,NYY@BAL,BAL,NYY,,,,,,2B/UTIL
74711-37983,C,Mike,Mike Zunino,Zunino,2.116666634877523,6,2200,TB@CWS,TB,CWS,,,,,,C/1B/UTIL
74711-38004,C,Austin,Austin Hedges,Hedges,2.566666603088379,6,2200,SF@CLE,CLE,SF,,,,,,C/1B/UTIL
74711-38074,OF,Corey,Corey Dickerson,Dickerson,4,4,2200,STL@MIL,STL,MIL,,,,,,OF/UTIL
74711-60641,2B,Nick,Nick Gordon,Gordon,4.633333206176758,6,2200,MIN@BOS,MIN,BOS,,,,,,2B/UTIL
74711-83188,3B,Kelvin,Kelvin Gutierrez,Gutierrez,1.8399999618530274,5,2200,NYY@BAL,BAL,NYY,,,,,,3B/UTIL
74711-79156,2B/SS,David,David Fletcher,Fletcher,2.5,5,2200,LAA@TEX,LAA,TEX,IL,Hip,,,,2B/SS/UTIL
74711-38252,OF,Stephen,Stephen Piscotty,Piscotty,6.740000152587891,5,2200,OAK@TOR,OAK,TOR,IL,Undisclosed,,,,OF/UTIL
74711-79278,2B/3B,Sheldon,Sheldon Neuse,Neuse,9.042857033865792,7,2200,OAK@TOR,OAK,TOR,,,,,,2B/3B/UTIL
74711-38324,C,Jorge,Jorge Alfaro,Alfaro,7.675000190734863,4,2200,ATL@SD,SD,ATL,,,,,,C/1B/UTIL
74711-13771,2B/3B,Josh,Josh Harrison,Harrison,5.683333079020183,6,2200,TB@CWS,CWS,TB,,,,,,2B/3B/UTIL
74711-13924,OF,Kole,Kole Calhoun,Calhoun,1.875,8,2200,LAA@TEX,TEX,LAA,,,,,,OF/UTIL
74711-110404,2B/3B,Mike,Mike Brosseau,Brosseau,4.028571537562779,7,2200,STL@MIL,MIL,STL,,,,,,2B/3B/UTIL
74711-135190,SS/3B/2B,Taylor,Taylor Walls,Walls,4.814285823277065,7,2100,TB@CWS,TB,CWS,,,,,,2B/3B/SS/UTIL
74711-102424,3B/SS,Kevin,Kevin Smith,Smith,3.7888887193467884,9,2100,OAK@TOR,OAK,TOR,,,,,,3B/SS/UTIL
74711-38973,OF,Tyrone,Tyrone Taylor,Taylor,2.5,6,2100,STL@MIL,MIL,STL,,,,,,OF/UTIL
74711-116867,C,Tyler,Tyler Heineman,Heineman,0,2,2100,OAK@TOR,TOR,OAK,,,,,,C/1B/UTIL
74711-73871,C,Carson,Carson Kelly,Kelly,1.0333333015441895,6,2100,ARI@NYM,ARI,NYM,,,,,,C/1B/UTIL
74711-82642,OF,Heliot,Heliot Ramos,Ramos,3.8499999046325684,4,2100,SF@CLE,SF,CLE,,,,,,OF/UTIL
74711-54049,2B/SS/3B,Aledmys,Aledmys Diaz,Diaz,6.880000305175781,5,2100,HOU@SEA,HOU,SEA,,,,,,2B/3B/SS/UTIL
74711-101276,2B/3B,Jon,Jon Berti,Berti,6.1200000762939455,5,2100,PHI@MIA,MIA,PHI,,,,,,2B/3B/UTIL
74711-68537,2B/SS,Tyler,Tyler Wade,Wade,2.7222222222222223,9,2100,LAA@TEX,LAA,TEX,,,,,,2B/SS/UTIL
74711-68554,3B,Andrew,Andrew Velazquez,Velazquez,6.150000095367432,4,2100,LAA@TEX,LAA,TEX,,,,,,3B/UTIL
74711-80848,C,Victor,Victor Caratini,Caratini,7.340000152587891,5,2100,STL@MIL,MIL,STL,,,,,,C/1B/UTIL
74711-13378,2B/SS,Leury,Leury Garcia,Garcia,1.3142856870378767,7,2100,TB@CWS,CWS,TB,,,,,,2B/SS/UTIL
74711-83174,SS/3B,Sergio,Sergio Alcantara,Alcantara,3.9625000953674316,8,2100,ARI@NYM,ARI,NYM,,,,,,3B/SS/UTIL
74711-60652,3B/2B,Christian,Christian Arroyo,Arroyo,3.2400001525878905,5,2100,MIN@BOS,BOS,MIN,,,,,,2B/3B/UTIL
74711-79104,C,Zack,Zack Collins,Collins,10.175000190734863,4,2100,OAK@TOR,TOR,OAK,,,,,,C/1B/UTIL
74711-79108,2B/OF,Nick,Nick Senzel,Senzel,3.1399999618530274,5,2100,CIN@LAD,CIN,LAD,IL,Illness,,,,2B/OF/UTIL
74711-79112,3B,Yu,Yu Chang,Chang,0,3,2100,SF@CLE,CLE,SF,IL,Undisclosed,,,,3B/UTIL
74711-85277,2B/3B,Cavan,Cavan Biggio,Biggio,2.171428544180734,7,2100,OAK@TOR,TOR,OAK,,,,,,2B/3B/UTIL
74711-79181,SS/OF,Mauricio,Mauricio Dubon,Dubon,5.079999923706055,5,2100,SF@CLE,SF,CLE,,,,,,SS/OF/UTIL
74711-38247,2B/3B,Hanser,Hanser Alberto,Alberto,0,2,2100,CIN@LAD,LAD,CIN,,,,,,2B/3B/UTIL
74711-71217,C,Omar,Omar Narvaez,Narvaez,8.740000152587891,5,2100,STL@MIL,MIL,STL,,,,,,C/1B/UTIL
74711-13961,OF,Kevin,Kevin Kiermaier,Kiermaier,1.7428571156093053,7,2100,TB@CWS,TB,CWS,,,,,,OF/UTIL
74711-81924,2B/SS,Niko,Niko Goodrum,Goodrum,2.4399999618530273,5,2000,HOU@SEA,HOU,SEA,,,,,,2B/SS/UTIL
74711-102411,C,Andrew,Andrew Knizner,Knizner,16.900000254313152,3,2000,STL@MIL,STL,MIL,,,,,,C/1B/UTIL
74711-135218,OF,Jake,Jake Meyers,Meyers,8.407547284971994,53,2000,HOU@SEA,HOU,SEA,IL,Shoulder,,,,OF/UTIL
74711-135227,2B,Jose,Jose Rojas,Rojas,3.616666793823242,6,2000,LAA@TEX,LAA,TEX,,,,,,2B/UTIL
74711-104511,OF,Kyle,Kyle Garlick,Garlick,0,1,2000,MIN@BOS,MIN,BOS,,,,,,OF/UTIL
74711-102485,OF,Kyle,Kyle Isbel,Isbel,0,2,2000,DET@KC,KC,DET,,,,,,OF/UTIL
74711-102488,3B,Emmanuel,Emmanuel Rivera,Rivera,6.382758831155711,29,2000,DET@KC,KC,DET,,,,,,3B/UTIL
74711-82021,C,Tomas,Tomas Nido,Nido,3.049999952316284,4,2000,ARI@NYM,NYM,ARI,,,,,,C/1B/UTIL
74711-157797,OF,Bryan,Bryan De La Cruz,De La Cruz,2.4,5,2000,PHI@MIA,MIA,PHI,,,,,,OF/UTIL
74711-135274,OF,Zach,Zach Reks,Reks,1.0666666825612385,6,2000,LAA@TEX,TEX,LAA,,,,,,OF/UTIL
74711-135284,C,Riley,Riley Adams,Adams,0,2,2000,WSH@PIT,WSH,PIT,,,,,,C/1B/UTIL
74711-102518,3B,Jose,Jose Miranda,Miranda,,,2000,MIN@BOS,MIN,BOS,,,,,,3B/UTIL
74711-116866,2B,Danny,Danny Mendick,Mendick,4.166666666666667,3,2000,TB@CWS,CWS,TB,,,,,,2B/UTIL
74711-102537,OF,Everson,Everson Pereira,Pereira,,,2000,NYY@BAL,NYY,BAL,,,,,,OF/UTIL
74711-102550,C,Luis,Luis Campusano,Campusano,2.227272727272727,11,2000,ATL@SD,SD,ATL,,,,,,C/1B/UTIL
74711-82251,OF,Tim,Tim Locastro,Locastro,3.9921875,64,2000,NYY@BAL,NYY,BAL,,,,,,OF/UTIL
74711-65991,C,Pedro,Pedro Severino,Severino,7.109734729327987,113,2000,STL@MIL,MIL,STL,NA,Suspension,,,,C/1B/UTIL
74711-158244,SS,Yonny,Yonny Hernandez,Hernandez,3.75,4,2000,ARI@NYM,ARI,NYM,,,,,,SS/UTIL
74711-72261,OF,Guillermo,Guillermo Heredia,Heredia,3.585714340209961,7,2000,ATL@SD,ATL,SD,,,,,,OF/UTIL
74711-80457,OF,Adam,Adam Engel,Engel,3.028571537562779,7,2000,TB@CWS,CWS,TB,,,,,,OF/UTIL
74711-119401,C,Rafael,Rafael Marchan,Marchan,5.1200000762939455,20,2000,PHI@MIA,PHI,MIA,IL,Hamstring,,,,C/1B/UTIL
74711-119400,OF,Simon,Simon Muzziotti,Muzziotti,0.5,6,2000,PHI@MIA,PHI,MIA,,,,,,OF/UTIL
74711-119404,SS/2B,Nick,Nick Maton,Maton,5.4461540809044475,52,2000,PHI@MIA,PHI,MIA,,,,,,2B/SS/UTIL
74711-17012,C,Curt,Curt Casali,Casali,0,2,2000,SF@CLE,SF,CLE,,,,,,C/1B/UTIL
74711-82553,OF,Jose,Jose Siri,Siri,13,5,2000,HOU@SEA,HOU,SEA,,,,,,OF/UTIL
74711-12935,2B,Dee,Dee Strange-Gordon,Strange-Gordon,0,4,2000,WSH@PIT,WSH,PIT,IL,Illness,,,,2B/UTIL
74711-82596,C,Jake,Jake Rogers,Rogers,8.44473668148643,38,2000,DET@KC,DET,KC,IL,Forearm,,,,C/1B/UTIL
74711-82612,OF,Brent,Brent Rooker,Rooker,7.4655172413793105,58,2000,ATL@SD,SD,ATL,,,,,,OF/UTIL
74711-82616,SS,Luis,Luis Guillorme,Guillorme,0.6,5,2000,ARI@NYM,NYM,ARI,,,,,,SS/UTIL
74711-82619,OF,Estevan,Estevan Florial,Florial,6.418181679465554,11,2000,NYY@BAL,NYY,BAL,,,,,,OF/UTIL
74711-82637,1B,Evan,Evan White,White,4.745161487210181,31,2000,HOU@SEA,SEA,HOU,IL,Groin,,,,C/1B/UTIL
74711-82659,3B,Carter,Carter Kieboom,Kieboom,7.331147741098873,61,2000,WSH@PIT,WSH,PIT,IL,Elbow,,,,3B/UTIL
74711-119637,2B,Ezequiel,Ezequiel Duran,Duran,,,2000,LAA@TEX,TEX,LAA,,,,,,2B/UTIL
74711-68499,2B/3B,Johan,Johan Camargo,Camargo,4.625,8,2000,PHI@MIA,PHI,MIA,,,,,,2B/3B/UTIL
74711-13209,C,Manny,Manny Pina,Pina,4.333333333333333,3,2000,ATL@SD,ATL,SD,,,,,,C/1B/UTIL
74711-68533,OF,Brett,Brett Phillips,Phillips,6.200000127156575,6,2000,TB@CWS,TB,CWS,,,,,,OF/UTIL
74711-52171,C,Kevin,Kevin Plawecki,Plawecki,3.066666603088379,3,2000,MIN@BOS,BOS,MIN,,,,,,C/1B/UTIL
74711-52182,C,Reese,Reese McGuire,McGuire,3.049999952316284,4,2000,TB@CWS,CWS,TB,,,,,,C/1B/UTIL
74711-68594,OF,Anthony,Anthony Alford,Alford,6.536734444754464,49,2000,WSH@PIT,PIT,WSH,IL,Wrist,,,,OF/UTIL
74711-168951,2B,Gosuke,Gosuke Katoh,Katoh,0,2,2000,OAK@TOR,TOR,OAK,,,,,,2B/UTIL
74711-97291,2B/3B,Harold,Harold Castro,Castro,4.149999936421712,6,2000,DET@KC,DET,KC,,,,,,2B/3B/UTIL
74711-13326,C,Christian,Christian Bethancourt,Bethancourt,7.849999904632568,2,2000,OAK@TOR,OAK,TOR,,,,,,C/1B/UTIL
74711-11344,C,Jason,Jason Castro,Castro,3,3,2000,HOU@SEA,HOU,SEA,,,,,,C/1B/UTIL
74711-154711,OF,Lars,Lars Nootbaar,Nootbaar,9.199999809265137,1,2000,STL@MIL,STL,MIL,,,,,,OF/UTIL
74711-13412,2B/SS,Donovan,Donovan Solano,Solano,6.6415094339622645,106,2000,CIN@LAD,CIN,LAD,IL,Hamstring,,,,2B/SS/UTIL
74711-21612,SS,Nick,Nick Ahmed,Ahmed,6.753488466721173,129,2000,ARI@NYM,ARI,NYM,IL,Shoulder,,,,SS/UTIL
74711-13501,SS/3B,Chris,Chris Owings,Owings,3.049999952316284,4,2000,NYY@BAL,BAL,NYY,,,,,,3B/SS/UTIL
74711-5311,C,Kurt,Kurt Suzuki,Suzuki,10.40000025431315,3,2000,LAA@TEX,LAA,TEX,,,,,,C/1B/UTIL
74711-13516,C,Stephen,Stephen Vogt,Vogt,2.3499999046325684,4,2000,OAK@TOR,OAK,TOR,,,,,,C/1B/UTIL
74711-83151,OF,Micker,Micker Adolfo,Adolfo,,,2000,TB@CWS,CWS,TB,,,,,,OF/UTIL
74711-38100,2B,Matt,Matt Reynolds,Reynolds,0,1,2000,ARI@NYM,NYM,ARI,,,,,,2B/UTIL
74711-60630,OF,Bradley,Bradley Zimmer,Zimmer,0,4,2000,OAK@TOR,TOR,OAK,,,,,,OF/UTIL
74711-60636,OF,Derek,Derek Hill,Hill,6.95510179169324,49,2000,DET@KC,DET,KC,IL,Hamstring,,,,OF/UTIL
74711-13535,2B/SS/3B,Ehire,Ehire Adrianza,Adrianza,4.181512656332064,119,2000,WSH@PIT,WSH,PIT,IL,Quadriceps,,,,2B/3B/SS/UTIL
74711-83173,C,Jose,Jose Trevino,Trevino,7.480000305175781,5,2000,NYY@BAL,NYY,BAL,,,,,,C/1B/UTIL
74711-79115,OF,Greg,Greg Allen,Allen,9.586666870117188,15,2000,WSH@PIT,PIT,WSH,IL,Hamstring,,,,OF/UTIL
74711-79121,1B,Bobby,Bobby Bradley,Bradley,0,3,2000,SF@CLE,CLE,SF,,,,,,C/1B/UTIL
74711-79128,C,Garrett,Garrett Stubbs,Stubbs,4.5,2,2000,PHI@MIA,PHI,MIA,,,,,,C/1B/UTIL
74711-79130,OF,Jose,Jose Azocar,Azocar,1.1875,8,2000,ATL@SD,SD,ATL,,,,,,OF/UTIL
74711-85274,OF,DJ,DJ Stewart,Stewart,0,3,2000,NYY@BAL,BAL,NYY,,,,,,OF/UTIL
74711-79136,OF,Daz,Daz Cameron,Cameron,12.199999809265137,1,2000,DET@KC,DET,KC,,,,,,OF/UTIL
74711-79138,2B,Jonathan,Jonathan Arauz,Arauz,0.875,4,2000,MIN@BOS,BOS,MIN,,,,,,2B/UTIL
74711-79141,1B,Ryan,Ryan O'Hearn,O'Hearn,1.1666666666666667,3,2000,DET@KC,KC,DET,,,,,,C/1B/UTIL
74711-79190,C,Ben,Ben Rortvedt,Rortvedt,3.746154002654247,39,2000,NYY@BAL,NYY,BAL,IL,Oblique,,,,C/1B/UTIL
74711-79195,3B,Miguel,Miguel Andujar,Andujar,6.684444173177083,45,2000,NYY@BAL,NYY,BAL,,,,,,3B/UTIL
74711-79202,2B,Max,Max Schrock,Schrock,5.807546939489977,53,2000,CIN@LAD,CIN,LAD,IL,Calf,,,,2B/UTIL
74711-79211,OF,Mickey,Mickey Moniak,Moniak,2.2428570701962425,21,2000,PHI@MIA,PHI,MIA,IL,Hand,,,,OF/UTIL
74711-79212,C,Andrew,Andrew Knapp,Knapp,6.400000254313151,3,2000,WSH@PIT,PIT,WSH,,,,,,C/1B/UTIL
74711-79223,1B/OF,Josh,Josh Naylor,Naylor,4.5,2,2000,SF@CLE,CLE,SF,,,,,,C/1B/OF/UTIL
74711-101753,2B/OF,Dylan,Dylan Moore,Moore,2.375,4,2000,HOU@SEA,SEA,HOU,,,,,,2B/OF/UTIL
74711-13694,1B/2B/SS,Marwin,Marwin Gonzalez,Gonzalez,0.75,4,2000,NYY@BAL,NYY,BAL,,,,,,C/1B/2B/SS/UTIL
74711-79234,OF,Kyle,Kyle Lewis,Lewis,8.175675675675675,37,2000,HOU@SEA,SEA,HOU,IL,Knee,,,,OF/UTIL
74711-79236,OF,Drew,Drew Jackson,Jackson,0,1,2000,OAK@TOR,OAK,TOR,,,,,,OF/UTIL
74711-79240,C,Aramis,Aramis Garcia,Garcia,1.5,2,2000,CIN@LAD,CIN,LAD,,,,,,C/1B/UTIL
74711-79247,2B/SS/3B,Edmundo,Edmundo Sosa,Sosa,9.199999809265137,1,2000,STL@MIL,STL,MIL,,,,,,2B/3B/SS/UTIL
74711-152972,2B/3B,Luke,Luke Williams,Williams,4.875,4,2000,SF@CLE,SF,CLE,,,,,,2B/3B/UTIL
74711-79253,OF,Nick,Nick Plummer,Plummer,0,1,2000,ARI@NYM,NYM,ARI,,,,,,OF/UTIL
74711-38297,C,Austin,Austin Barnes,Barnes,15.533332824707031,3,2000,CIN@LAD,LAD,CIN,,,,,,C/1B/UTIL
74711-79260,SS,Lucius,Lucius Fox,Fox,3.3499999046325684,2,2000,WSH@PIT,WSH,PIT,,,,,,SS/UTIL
74711-79263,OF,Leody,Leody Taveras,Taveras,6.271428322305485,49,2000,LAA@TEX,TEX,LAA,,,,,,OF/UTIL
74711-118181,1B/3B,Taylor,Taylor Jones,Jones,6.462857055664062,35,2000,HOU@SEA,HOU,SEA,IL,Back,,,,C/1B/3B/UTIL
74711-118187,C,Yermin,Yermin Mercedes,Mercedes,8.33382370892693,68,2000,TB@CWS,CWS,TB,IL,Hand,,,,C/1B/UTIL
74711-101807,C,Seby,Seby Zavala,Zavala,6.121621621621622,37,2000,TB@CWS,CWS,TB,,,,,,C/1B/UTIL
74711-101821,1B/3B,Edwin,Edwin Rios,Rios,4.599999904632568,2,2000,CIN@LAD,LAD,CIN,,,,,,C/1B/3B/UTIL
74711-101820,1B/OF,Matt,Matt Beaty,Beaty,2.3499999046325684,4,2000,ATL@SD,SD,ATL,,,,,,C/1B/OF/UTIL
74711-118204,OF,Ryan,Ryan McKenna,McKenna,0.6400000095367432,5,2000,NYY@BAL,BAL,NYY,,,,,,OF/UTIL
74711-101832,OF,Skye,Skye Bolt,Bolt,2.1176470588235294,34,2000,OAK@TOR,OAK,TOR,IL,Oblique,,,,OF/UTIL
74711-101835,C,Austin,Austin Allen,Allen,6.099999904632568,2,2000,OAK@TOR,OAK,TOR,O,Undisclosed,,,,C/1B/UTIL
74711-101841,OF,Edward,Edward Olivares,Olivares,0,3,2000,DET@KC,KC,DET,,,,,,OF/UTIL
74711-81506,OF,Jordan,Jordan Luplow,Luplow,8.045454545454545,66,2000,ARI@NYM,ARI,NYM,IL,Oblique,,,,OF/UTIL
74711-116339,3B/2B,Abraham,Abraham Toro,Toro,1,6,2000,HOU@SEA,SEA,HOU,,,,,,2B/3B/UTIL
74711-104085,2B,Josh,Josh VanMeter,VanMeter,1,3,2000,WSH@PIT,PIT,WSH,,,,,,2B/UTIL
74711-52885,C,Dustin,Dustin Garneau,Garneau,4.675000190734863,4,2000,DET@KC,DET,KC,,,,,,C/1B/UTIL
74711-81570,C,Cam,Cam Gallagher,Gallagher,6.25,2,2000,DET@KC,KC,DET,,,,,,C/1B/UTIL
74711-38571,1B,Travis,Travis Shaw,Shaw,0,1,2000,MIN@BOS,BOS,MIN,,,,,,C/1B/UTIL
74711-163533,C,Jose,Jose Herrera,Herrera,1.5,4,2000,ARI@NYM,ARI,NYM,,,,,,C/1B/UTIL
74711-52995,C,Luke,Luke Maile,Maile,4.747058644014246,17,2000,SF@CLE,CLE,SF,IL,Hamstring,,,,C/1B/UTIL
74711-163650,OF,Donovan,Donovan Casey,Casey,,,2000,WSH@PIT,WSH,PIT,,,,,,OF/UTIL
74711-104273,C,Anthony,Anthony Bemboom,Bemboom,2.4,5,2000,NYY@BAL,BAL,NYY,,,,,,C/1B/UTIL
74711-163669,C,Bryan,Bryan Lavastida,Lavastida,1.5,2,2000,SF@CLE,CLE,SF,,,,,,C/1B/UTIL
74711-163679,3B,Joe,Joe Perez,Perez,0,1,2000,HOU@SEA,HOU,SEA,,,,,,3B/UTIL
74711-163676,SS,Luis,Luis Garcia,Garcia,,,2000,PHI@MIA,PHI,MIA,,,,,,SS/UTIL
74711-163686,SS,Oswaldo,Oswaldo Cabrera,Cabrera,,,2000,NYY@BAL,NYY,BAL,,,,,,SS/UTIL
74711-163689,SS,Maikel,Maikel Garcia,Garcia,,,2000,DET@KC,KC,DET,,,,,,SS/UTIL
74711-102279,3B,Drew,Drew Ellis,Ellis,3.2333332697550454,3,2000,ARI@NYM,ARI,NYM,,,,,,3B/UTIL
74711-102282,OF,Jake,Jake McCarthy,McCarthy,2.0333333015441895,6,2000,ARI@NYM,ARI,NYM,,,,,,OF/UTIL
74711-102284,C,William,William Contreras,Contreras,0,1,2000,ATL@SD,ATL,SD,,,,,,C/1B/UTIL
74711-102307,SS,Jose,Jose Barrero,Barrero,4.538095383417039,21,2000,CIN@LAD,CIN,LAD,IL,Hand,,,,SS/UTIL
74711-102352,C,Payton,Payton Henry,Henry,1,3,2000,PHI@MIA,MIA,PHI,,,,,,C/1B/UTIL
74711-102356,OF,Gilberto,Gilberto Celestino,Celestino,0,3,2000,MIN@BOS,MIN,BOS,,,,,,OF/UTIL
74711-102358,SS,Jose,Jose Devers,Devers,4.328571501232329,21,2000,PHI@MIA,MIA,PHI,IL,Shoulder,,,,SS/UTIL